"2";"26";"32"
"2";"32";"180"
"2";"33";"36"
"2";"34";"39"
"2";"35";"44"
"2";"38";"30"
"2";"43";"47"
"2";"48";"122"
"2";"51";"48"
"2";"54";"49"
"2";"57";"50"
"2";"58";"51"
"2";"60";"194"
"2";"61";"193"
"2";"63";"116"
"2";"65";"115"
"2";"67";"112"
"2";"69";"113"
"2";"71";"114"
"2";"74";"54"
"2";"78";"59"
"2";"87";"105"
"2";"90";"109"
"2";"91";"121"
"2";"97";"130"
"2";"98";"131"
"2";"99";"132"
"2";"100";"133"
"2";"101";"134"
"2";"102";"135"
"2";"109";"62"
"2";"111";"60"
"2";"113";"61"
"2";"117";"171"
"2";"119";"2"
"2";"124";"73"
"2";"128";"111"
"2";"136";"161"
"2";"144";"176"
"2";"145";"177"
"2";"146";"178"
"2";"148";"179"
"2";"150";"25"
"2";"152";"46"
"2";"157";"91"
"2";"159";"45"
"2";"164";"119"
"2";"166";"120"
"2";"168";"190"
"2";"181";"27"
"2";"187";"38"
"2";"190";"66"
"2";"191";"5"
"2";"192";"67"
"2";"193";"52"
"2";"194";"35"
"2";"195";"41"
"2";"205";"162"
"2";"206";"163"
"2";"210";"63"
"2";"211";"64"
"2";"221";"147"
"2";"226";"15"
"2";"233";"43"
"2";"234";"1"
"2";"236";"33"
"2";"240";"53"
"2";"243";"34"
"2";"247";"10"
"2";"248";"14"
"2";"249";"187"
"2";"251";"18"
"2";"253";"55"
"2";"254";"42"
"2";"259";"104"
"2";"263";"56"
"2";"265";"57"
"2";"266";"58"
"2";"267";"11"
"2";"270";"29"
"2";"271";"19"
"2";"272";"26"
"2";"273";"28"
"2";"274";"37"
"2";"275";"117"
"2";"283";"118"
"2";"284";"22"
"2";"288";"20"
"2";"289";"23"
"2";"290";"65"
"2";"291";"21"
"2";"292";"31"
"2";"293";"107"
"2";"296";"16"
"2";"298";"40"
"2";"299";"24"
"2";"300";"68"
"2";"301";"69"
"2";"302";"100"
"2";"303";"70"
"2";"304";"13"
"2";"305";"17"
"2";"306";"71"
"2";"307";"12"
"2";"308";"202"
"2";"311";"72"
"2";"313";"101"
"2";"314";"3"
"2";"316";"103"
"2";"317";"199"
"2";"318";"197"
"2";"319";"198"
"2";"320";"8"
"2";"329";"166"
"2";"330";"167"
"2";"332";"169"
"2";"333";"170"
"2";"334";"168"
"2";"335";"192"
"2";"338";"200"
"2";"339";"74"
"2";"341";"203"
"2";"342";"182"
"2";"344";"6"
"2";"345";"7"
"2";"346";"75"
"2";"347";"76"
"2";"349";"77"
"2";"351";"78"
"2";"352";"79"
"2";"353";"80"
"2";"354";"81"
"2";"359";"173"
"2";"364";"0"
"2";"370";"82"
"2";"371";"4"
"2";"372";"83"
"2";"373";"9"
"2";"374";"98"
"2";"375";"84"
"2";"379";"85"
"2";"380";"86"
"2";"381";"87"
"2";"382";"88"
"2";"383";"102"
"2";"386";"153"
"2";"387";"148"
"2";"388";"149"
"2";"389";"152"
"2";"390";"154"
"2";"391";"151"
"2";"397";"89"
"2";"399";"172"
"2";"402";"174"
"2";"403";"90"
"2";"408";"123"
"2";"411";"142"
"2";"412";"143"
"2";"413";"144"
"2";"414";"145"
"2";"417";"141"
"2";"418";"146"
"2";"427";"106"
"2";"430";"110"
"2";"433";"92"
"2";"439";"195"
"2";"444";"196"
"2";"446";"201"
"2";"447";"124"
"2";"448";"125"
"2";"453";"136"
"2";"454";"137"
"2";"455";"138"
"2";"456";"139"
"2";"481";"93"
"2";"483";"140"
"2";"503";"127"
"2";"504";"126"
"2";"505";"129"
"2";"506";"128"
"2";"509";"175"
"2";"515";"94"
"2";"518";"108"
"2";"524";"95"
"2";"529";"96"
"2";"530";"150"
"2";"536";"99"
"2";"543";"186"
"2";"544";"184"
"2";"545";"185"
"2";"555";"155"
"2";"556";"156"
"2";"557";"157"
"2";"558";"158"
"2";"559";"159"
"2";"560";"160"
"2";"562";"165"
"2";"564";"164"
"2";"566";"188"
"2";"570";"189"
"2";"572";"191"
"2";"598";"97"
"2";"600";"181"
"2";"601";"183"
"2";"614";"204"
"2";"615";"205"
"2";"616";"206"
"2";"617";"207"
"2";"618";"208"
"2";"619";"209"
"2";"620";"210"
"2";"621";"211"
"2";"622";"212"
"2";"623";"213"
"2";"624";"214"
"2";"626";"215"
"2";"627";"216"
"2";"628";"217"
"8";"60";"32"
"8";"61";"31"
"8";"150";"6"
"8";"253";"5"
"8";"263";"7"
"8";"265";"11"
"8";"266";"8"
"8";"269";"39"
"8";"271";"9"
"8";"286";"21"
"8";"290";"10"
"8";"291";"3"
"8";"292";"4"
"8";"295";"27"
"8";"311";"2"
"8";"321";"36"
"8";"323";"15"
"8";"324";"16"
"8";"325";"17"
"8";"326";"18"
"8";"343";"38"
"8";"372";"0"
"8";"373";"1"
"8";"374";"19"
"8";"430";"20"
"8";"434";"37"
"8";"439";"33"
"8";"444";"34"
"8";"446";"35"
"8";"447";"25"
"8";"448";"26"
"8";"449";"30"
"8";"488";"12"
"8";"528";"13"
"8";"531";"24"
"8";"532";"23"
"8";"533";"22"
"8";"537";"29"
"8";"546";"14"
"8";"564";"28"
"8";"612";"40"
"8";"717";"41"
"10";"151";"0"
"10";"164";"2"
"10";"166";"3"
"10";"283";"1"
"11";"26";"0"
"11";"33";"3"
"11";"34";"4"
"11";"35";"5"
"11";"38";"1"
"11";"168";"9"
"11";"233";"2"
"11";"543";"8"
"11";"544";"6"
"11";"545";"7"
"12";"43";"1"
"12";"347";"0"
"12";"487";"2"
"13";"51";"0"
"13";"54";"1"
"13";"57";"3"
"13";"58";"4"
"13";"60";"36"
"13";"61";"35"
"13";"65";"27"
"13";"88";"25"
"13";"117";"31"
"13";"150";"6"
"13";"235";"2"
"13";"240";"11"
"13";"250";"48"
"13";"254";"5"
"13";"263";"7"
"13";"264";"12"
"13";"269";"49"
"13";"271";"8"
"13";"272";"9"
"13";"274";"10"
"13";"321";"44"
"13";"343";"47"
"13";"372";"13"
"13";"374";"26"
"13";"395";"17"
"13";"434";"45"
"13";"436";"46"
"13";"439";"38"
"13";"444";"39"
"13";"446";"40"
"13";"447";"28"
"13";"448";"29"
"13";"449";"33"
"13";"520";"14"
"13";"525";"41"
"13";"537";"32"
"13";"538";"15"
"13";"539";"16"
"13";"551";"42"
"13";"552";"43"
"13";"553";"18"
"13";"563";"19"
"13";"564";"30"
"13";"565";"20"
"13";"567";"21"
"13";"568";"22"
"13";"569";"23"
"13";"570";"34"
"13";"571";"24"
"13";"599";"37"
"13";"609";"50"
"13";"629";"51"
"13";"706";"52"
"13";"707";"53"
"13";"710";"54"
"13";"716";"55"
"13";"717";"56"
"15";"103";"9"
"15";"104";"6"
"15";"105";"10"
"15";"106";"5"
"15";"108";"8"
"15";"109";"13"
"15";"110";"14"
"15";"111";"11"
"15";"113";"12"
"15";"114";"4"
"15";"115";"7"
"15";"159";"17"
"15";"185";"0"
"15";"186";"1"
"15";"187";"3"
"15";"188";"2"
"15";"210";"15"
"15";"211";"16"
"15";"329";"19"
"15";"330";"20"
"15";"332";"22"
"15";"333";"23"
"15";"334";"21"
"15";"433";"18"
"15";"525";"24"
"15";"727";"25"
"15";"728";"27"
"15";"729";"26"
"15";"730";"30"
"15";"731";"28"
"15";"732";"29"
"16";"32";"25"
"16";"88";"22"
"16";"119";"7"
"16";"124";"8"
"16";"234";"2"
"16";"247";"3"
"16";"248";"14"
"16";"249";"30"
"16";"250";"5"
"16";"251";"17"
"16";"269";"28"
"16";"270";"9"
"16";"296";"18"
"16";"302";"23"
"16";"303";"10"
"16";"304";"11"
"16";"305";"15"
"16";"306";"12"
"16";"307";"13"
"16";"308";"37"
"16";"335";"34"
"16";"338";"36"
"16";"339";"16"
"16";"342";"27"
"16";"343";"1"
"16";"344";"6"
"16";"345";"4"
"16";"371";"0"
"16";"481";"19"
"16";"488";"20"
"16";"538";"21"
"16";"552";"38"
"16";"562";"24"
"16";"566";"31"
"16";"570";"32"
"16";"572";"33"
"16";"599";"35"
"16";"600";"26"
"16";"601";"29"
"16";"609";"39"
"16";"708";"40"
"18";"92";"5"
"18";"93";"6"
"18";"94";"56"
"18";"95";"7"
"18";"96";"8"
"18";"97";"18"
"18";"98";"19"
"18";"99";"20"
"18";"100";"21"
"18";"101";"22"
"18";"102";"23"
"18";"153";"51"
"18";"196";"12"
"18";"197";"13"
"18";"198";"11"
"18";"199";"9"
"18";"200";"10"
"18";"231";"52"
"18";"285";"4"
"18";"309";"0"
"18";"411";"30"
"18";"412";"31"
"18";"413";"32"
"18";"414";"33"
"18";"417";"29"
"18";"418";"34"
"18";"428";"53"
"18";"452";"1"
"18";"453";"24"
"18";"454";"25"
"18";"455";"26"
"18";"456";"27"
"18";"459";"35"
"18";"460";"36"
"18";"461";"37"
"18";"462";"38"
"18";"463";"39"
"18";"464";"40"
"18";"465";"41"
"18";"466";"42"
"18";"467";"43"
"18";"468";"44"
"18";"469";"45"
"18";"480";"46"
"18";"483";"28"
"18";"503";"15"
"18";"504";"14"
"18";"505";"17"
"18";"506";"16"
"18";"507";"3"
"18";"508";"2"
"18";"523";"47"
"18";"550";"48"
"18";"551";"49"
"18";"552";"50"
"18";"613";"54"
"18";"629";"55"
"18";"718";"57"
"18";"719";"58"
"18";"720";"59"
"18";"721";"60"
"18";"722";"61"
"18";"723";"62"
"18";"724";"63"
"18";"725";"64"
"18";"726";"65"
"20";"63";"5"
"20";"65";"4"
"20";"272";"0"
"20";"275";"6"
"20";"327";"1"
"20";"363";"2"
"20";"364";"3"
"20";"449";"7"
"21";"144";"17"
"21";"145";"18"
"21";"146";"19"
"21";"148";"20"
"21";"170";"14"
"21";"171";"7"
"21";"172";"8"
"21";"173";"9"
"21";"174";"10"
"21";"175";"11"
"21";"176";"12"
"21";"177";"13"
"21";"178";"0"
"21";"179";"1"
"21";"180";"2"
"21";"181";"3"
"21";"182";"4"
"21";"183";"5"
"21";"184";"6"
"21";"225";"15"
"21";"519";"16"
"22";"190";"3"
"22";"191";"5"
"22";"192";"7"
"22";"193";"9"
"22";"194";"11"
"22";"195";"12"
"22";"267";"0"
"22";"288";"10"
"22";"298";"2"
"22";"299";"4"
"22";"300";"6"
"22";"301";"8"
"22";"314";"1"
"22";"328";"14"
"22";"375";"13"
"23";"153";"0"
"23";"196";"7"
"23";"197";"8"
"23";"198";"6"
"23";"199";"4"
"23";"200";"5"
"23";"231";"20"
"23";"293";"12"
"23";"313";"10"
"23";"378";"21"
"23";"383";"11"
"23";"428";"22"
"23";"452";"1"
"23";"490";"18"
"23";"503";"15"
"23";"504";"14"
"23";"505";"17"
"23";"506";"16"
"23";"507";"3"
"23";"508";"2"
"23";"518";"13"
"23";"523";"19"
"23";"536";"9"
"23";"609";"23"
"23";"733";"24"
"26";"87";"32"
"26";"90";"37"
"26";"92";"17"
"26";"93";"18"
"26";"94";"82"
"26";"95";"19"
"26";"96";"20"
"26";"97";"42"
"26";"98";"43"
"26";"99";"44"
"26";"100";"45"
"26";"101";"46"
"26";"102";"47"
"26";"152";"2"
"26";"153";"3"
"26";"160";"1"
"26";"161";"8"
"26";"196";"24"
"26";"197";"25"
"26";"198";"23"
"26";"199";"21"
"26";"200";"22"
"26";"212";"0"
"26";"213";"33"
"26";"229";"4"
"26";"231";"5"
"26";"241";"6"
"26";"242";"7"
"26";"259";"31"
"26";"276";"60"
"26";"285";"16"
"26";"293";"35"
"26";"295";"59"
"26";"309";"9"
"26";"313";"28"
"26";"316";"30"
"26";"337";"14"
"26";"378";"79"
"26";"379";"10"
"26";"380";"11"
"26";"381";"12"
"26";"382";"13"
"26";"383";"29"
"26";"411";"54"
"26";"412";"55"
"26";"413";"56"
"26";"414";"57"
"26";"417";"53"
"26";"418";"58"
"26";"427";"34"
"26";"428";"61"
"26";"431";"62"
"26";"453";"48"
"26";"454";"49"
"26";"455";"50"
"26";"456";"51"
"26";"459";"63"
"26";"460";"64"
"26";"461";"65"
"26";"462";"66"
"26";"463";"67"
"26";"464";"68"
"26";"465";"69"
"26";"466";"70"
"26";"467";"71"
"26";"468";"72"
"26";"469";"73"
"26";"480";"74"
"26";"483";"52"
"26";"503";"39"
"26";"504";"38"
"26";"505";"41"
"26";"506";"40"
"26";"507";"75"
"26";"508";"76"
"26";"518";"36"
"26";"523";"15"
"26";"536";"27"
"26";"550";"26"
"26";"551";"77"
"26";"552";"78"
"26";"613";"80"
"26";"629";"81"
"26";"718";"83"
"26";"719";"84"
"26";"720";"85"
"26";"721";"86"
"26";"722";"87"
"26";"723";"88"
"26";"724";"89"
"26";"725";"90"
"26";"726";"91"
"26";"733";"92"
"31";"87";"9"
"31";"90";"14"
"31";"212";"1"
"31";"213";"10"
"31";"229";"0"
"31";"259";"8"
"31";"293";"12"
"31";"313";"5"
"31";"316";"7"
"31";"383";"6"
"31";"427";"11"
"31";"428";"19"
"31";"517";"2"
"31";"518";"13"
"31";"523";"15"
"31";"535";"3"
"31";"536";"4"
"31";"550";"16"
"31";"551";"17"
"31";"552";"18"
"31";"629";"20"
"31";"724";"21"
"31";"725";"22"
"31";"726";"23"
"31";"733";"24"
"32";"67";"48"
"32";"68";"49"
"32";"69";"50"
"32";"70";"51"
"32";"71";"52"
"32";"73";"1"
"32";"74";"2"
"32";"75";"3"
"32";"76";"4"
"32";"77";"5"
"32";"78";"6"
"32";"83";"8"
"32";"84";"7"
"32";"85";"9"
"32";"87";"42"
"32";"90";"47"
"32";"92";"27"
"32";"93";"28"
"32";"94";"25"
"32";"95";"29"
"32";"96";"30"
"32";"97";"57"
"32";"98";"58"
"32";"99";"59"
"32";"100";"60"
"32";"101";"61"
"32";"102";"62"
"32";"125";"0"
"32";"144";"89"
"32";"145";"90"
"32";"146";"91"
"32";"148";"92"
"32";"152";"10"
"32";"153";"11"
"32";"168";"96"
"32";"191";"16"
"32";"196";"34"
"32";"197";"35"
"32";"198";"33"
"32";"199";"31"
"32";"200";"32"
"32";"213";"43"
"32";"221";"74"
"32";"231";"12"
"32";"232";"13"
"32";"242";"14"
"32";"243";"15"
"32";"259";"41"
"32";"285";"26"
"32";"293";"45"
"32";"300";"17"
"32";"310";"18"
"32";"313";"38"
"32";"316";"40"
"32";"320";"19"
"32";"379";"20"
"32";"380";"21"
"32";"381";"22"
"32";"382";"23"
"32";"383";"39"
"32";"386";"80"
"32";"387";"75"
"32";"388";"76"
"32";"389";"79"
"32";"390";"81"
"32";"391";"78"
"32";"411";"69"
"32";"412";"70"
"32";"413";"71"
"32";"414";"72"
"32";"417";"68"
"32";"418";"73"
"32";"427";"44"
"32";"453";"63"
"32";"454";"64"
"32";"455";"65"
"32";"456";"66"
"32";"457";"99"
"32";"483";"67"
"32";"503";"54"
"32";"504";"53"
"32";"505";"56"
"32";"506";"55"
"32";"518";"46"
"32";"526";"24"
"32";"530";"77"
"32";"536";"37"
"32";"542";"88"
"32";"543";"95"
"32";"544";"93"
"32";"545";"94"
"32";"551";"36"
"32";"555";"82"
"32";"556";"83"
"32";"557";"84"
"32";"558";"85"
"32";"559";"86"
"32";"560";"87"
"32";"612";"97"
"32";"629";"98"
"32";"718";"100"
"32";"719";"101"
"32";"720";"102"
"32";"721";"103"
"32";"722";"104"
"32";"723";"105"
"32";"724";"106"
"32";"725";"107"
"32";"726";"108"
"32";"733";"109"
"33";"48";"63"
"33";"51";"3"
"33";"60";"85"
"33";"61";"84"
"33";"63";"54"
"33";"65";"53"
"33";"129";"101"
"33";"133";"41"
"33";"151";"0"
"33";"153";"2"
"33";"164";"57"
"33";"166";"58"
"33";"187";"16"
"33";"196";"39"
"33";"197";"40"
"33";"198";"38"
"33";"199";"36"
"33";"200";"37"
"33";"202";"28"
"33";"206";"72"
"33";"229";"1"
"33";"231";"13"
"33";"235";"4"
"33";"236";"5"
"33";"241";"35"
"33";"247";"6"
"33";"250";"25"
"33";"263";"7"
"33";"264";"8"
"33";"269";"83"
"33";"270";"9"
"33";"271";"10"
"33";"272";"11"
"33";"274";"12"
"33";"275";"55"
"33";"283";"56"
"33";"286";"59"
"33";"293";"50"
"33";"294";"65"
"33";"303";"22"
"33";"313";"47"
"33";"316";"49"
"33";"317";"90"
"33";"318";"88"
"33";"319";"89"
"33";"321";"95"
"33";"323";"42"
"33";"324";"43"
"33";"325";"44"
"33";"326";"45"
"33";"327";"14"
"33";"328";"15"
"33";"329";"76"
"33";"330";"77"
"33";"332";"79"
"33";"333";"80"
"33";"334";"78"
"33";"343";"17"
"33";"344";"23"
"33";"345";"24"
"33";"348";"73"
"33";"363";"18"
"33";"364";"19"
"33";"371";"20"
"33";"373";"21"
"33";"378";"26"
"33";"382";"27"
"33";"383";"48"
"33";"397";"29"
"33";"408";"64"
"33";"428";"30"
"33";"430";"52"
"33";"434";"97"
"33";"435";"98"
"33";"436";"31"
"33";"439";"86"
"33";"444";"87"
"33";"447";"66"
"33";"448";"67"
"33";"449";"81"
"33";"450";"32"
"33";"490";"91"
"33";"503";"69"
"33";"504";"68"
"33";"505";"71"
"33";"506";"70"
"33";"507";"92"
"33";"508";"93"
"33";"517";"33"
"33";"518";"51"
"33";"523";"34"
"33";"525";"94"
"33";"531";"62"
"33";"532";"61"
"33";"533";"60"
"33";"536";"46"
"33";"562";"75"
"33";"564";"74"
"33";"565";"96"
"33";"600";"82"
"33";"609";"100"
"33";"612";"99"
"33";"704";"102"
"33";"705";"103"
"33";"706";"104"
"33";"707";"105"
"33";"717";"106"
"33";"733";"107"
"34";"32";"68"
"34";"88";"62"
"34";"117";"67"
"34";"119";"2"
"34";"124";"33"
"34";"150";"12"
"34";"234";"8"
"34";"235";"0"
"34";"240";"1"
"34";"242";"3"
"34";"247";"4"
"34";"248";"5"
"34";"249";"74"
"34";"250";"6"
"34";"251";"7"
"34";"253";"9"
"34";"254";"10"
"34";"256";"11"
"34";"264";"13"
"34";"265";"14"
"34";"266";"15"
"34";"269";"72"
"34";"270";"16"
"34";"271";"17"
"34";"272";"18"
"34";"274";"19"
"34";"276";"20"
"34";"282";"21"
"34";"284";"85"
"34";"289";"22"
"34";"290";"23"
"34";"292";"24"
"34";"296";"25"
"34";"297";"86"
"34";"302";"64"
"34";"303";"26"
"34";"304";"27"
"34";"305";"28"
"34";"306";"29"
"34";"307";"30"
"34";"308";"84"
"34";"310";"31"
"34";"311";"32"
"34";"321";"89"
"34";"335";"78"
"34";"337";"34"
"34";"338";"82"
"34";"339";"35"
"34";"340";"58"
"34";"342";"71"
"34";"343";"36"
"34";"344";"37"
"34";"345";"38"
"34";"368";"59"
"34";"370";"41"
"34";"371";"39"
"34";"372";"40"
"34";"373";"42"
"34";"374";"63"
"34";"385";"87"
"34";"395";"43"
"34";"400";"61"
"34";"428";"44"
"34";"434";"90"
"34";"435";"45"
"34";"436";"46"
"34";"437";"47"
"34";"439";"80"
"34";"444";"81"
"34";"446";"83"
"34";"449";"69"
"34";"450";"48"
"34";"451";"49"
"34";"481";"50"
"34";"525";"88"
"34";"526";"51"
"34";"549";"60"
"34";"562";"66"
"34";"563";"52"
"34";"564";"65"
"34";"565";"53"
"34";"566";"75"
"34";"567";"54"
"34";"568";"55"
"34";"569";"56"
"34";"570";"76"
"34";"571";"57"
"34";"572";"77"
"34";"599";"79"
"34";"600";"70"
"34";"601";"73"
"34";"609";"92"
"34";"612";"91"
"34";"629";"93"
"34";"697";"96"
"34";"699";"94"
"34";"703";"95"
"34";"704";"97"
"34";"705";"98"
"34";"706";"99"
"34";"707";"100"
"34";"708";"102"
"34";"710";"103"
"34";"715";"101"
"34";"716";"104"
"35";"18";"42"
"35";"48";"34"
"35";"51";"10"
"35";"61";"45"
"35";"65";"31"
"35";"128";"30"
"35";"130";"7"
"35";"132";"8"
"35";"134";"5"
"35";"135";"2"
"35";"136";"38"
"35";"142";"3"
"35";"147";"46"
"35";"149";"9"
"35";"150";"4"
"35";"151";"57"
"35";"153";"56"
"35";"202";"0"
"35";"203";"6"
"35";"205";"39"
"35";"206";"40"
"35";"231";"58"
"35";"235";"11"
"35";"236";"12"
"35";"250";"65"
"35";"256";"59"
"35";"269";"66"
"35";"272";"13"
"35";"284";"47"
"35";"286";"32"
"35";"294";"36"
"35";"322";"1"
"35";"323";"25"
"35";"324";"26"
"35";"325";"27"
"35";"326";"28"
"35";"343";"64"
"35";"348";"41"
"35";"352";"14"
"35";"353";"15"
"35";"354";"16"
"35";"363";"17"
"35";"364";"18"
"35";"378";"60"
"35";"393";"19"
"35";"408";"35"
"35";"430";"29"
"35";"434";"62"
"35";"435";"67"
"35";"436";"63"
"35";"448";"37"
"35";"449";"44"
"35";"450";"20"
"35";"457";"48"
"35";"458";"49"
"35";"480";"50"
"35";"507";"51"
"35";"508";"52"
"35";"516";"22"
"35";"517";"21"
"35";"523";"53"
"35";"525";"54"
"35";"531";"33"
"35";"538";"23"
"35";"539";"24"
"35";"550";"55"
"35";"564";"43"
"35";"565";"61"
"35";"612";"68"
"35";"613";"69"
"35";"629";"70"
"35";"697";"73"
"35";"699";"71"
"35";"703";"72"
"35";"705";"74"
"35";"706";"75"
"35";"707";"76"
"35";"718";"77"
"35";"720";"78"
"35";"721";"79"
"35";"722";"80"
"35";"723";"81"
"35";"727";"82"
"35";"728";"84"
"35";"729";"83"
"35";"730";"87"
"35";"731";"85"
"35";"732";"86"
"35";"734";"88"
"37";"67";"15"
"37";"68";"16"
"37";"69";"17"
"37";"70";"18"
"37";"71";"19"
"37";"73";"1"
"37";"74";"2"
"37";"75";"3"
"37";"76";"4"
"37";"77";"5"
"37";"78";"6"
"37";"83";"8"
"37";"84";"7"
"37";"85";"9"
"37";"125";"0"
"37";"221";"21"
"37";"226";"10"
"37";"232";"11"
"37";"237";"12"
"37";"242";"13"
"37";"256";"37"
"37";"386";"27"
"37";"387";"22"
"37";"388";"23"
"37";"389";"26"
"37";"390";"28"
"37";"391";"25"
"37";"457";"34"
"37";"458";"35"
"37";"520";"36"
"37";"528";"14"
"37";"530";"24"
"37";"554";"38"
"37";"555";"20"
"37";"556";"29"
"37";"557";"30"
"37";"558";"31"
"37";"559";"32"
"37";"560";"33"
"37";"734";"39"
"38";"226";"0"
"38";"237";"1"
"38";"256";"10"
"38";"385";"7"
"38";"457";"8"
"38";"458";"9"
"38";"484";"2"
"38";"485";"3"
"38";"486";"4"
"38";"519";"5"
"38";"520";"6"
"38";"561";"11"
"38";"734";"12"
"39";"73";"5"
"39";"74";"6"
"39";"75";"7"
"39";"76";"8"
"39";"77";"9"
"39";"78";"10"
"39";"83";"1"
"39";"84";"0"
"39";"85";"2"
"39";"125";"4"
"39";"221";"12"
"39";"232";"3"
"39";"256";"25"
"39";"386";"18"
"39";"387";"13"
"39";"388";"14"
"39";"389";"17"
"39";"390";"19"
"39";"391";"16"
"39";"530";"15"
"39";"555";"11"
"39";"556";"20"
"39";"557";"21"
"39";"558";"22"
"39";"559";"23"
"39";"560";"24"
"39";"561";"26"
"40";"67";"1"
"40";"68";"2"
"40";"69";"3"
"40";"70";"4"
"40";"71";"5"
"40";"256";"6"
"40";"528";"0"
"40";"554";"7"
"41";"18";"7"
"41";"242";"0"
"41";"312";"9"
"41";"432";"10"
"41";"531";"3"
"41";"532";"2"
"41";"533";"1"
"41";"537";"8"
"41";"540";"6"
"41";"541";"5"
"41";"542";"4"
"41";"630";"11"
"42";"48";"29"
"42";"51";"0"
"42";"60";"40"
"42";"61";"39"
"42";"133";"19"
"42";"202";"14"
"42";"206";"34"
"42";"235";"1"
"42";"236";"11"
"42";"243";"2"
"42";"253";"3"
"42";"263";"7"
"42";"264";"13"
"42";"265";"12"
"42";"266";"4"
"42";"271";"5"
"42";"274";"6"
"42";"286";"25"
"42";"294";"31"
"42";"320";"8"
"42";"321";"9"
"42";"323";"20"
"42";"324";"21"
"42";"325";"22"
"42";"326";"23"
"42";"327";"10"
"42";"343";"47"
"42";"348";"35"
"42";"378";"43"
"42";"408";"30"
"42";"428";"44"
"42";"430";"24"
"42";"434";"45"
"42";"435";"48"
"42";"436";"46"
"42";"438";"15"
"42";"439";"41"
"42";"444";"42"
"42";"445";"16"
"42";"447";"32"
"42";"448";"33"
"42";"449";"38"
"42";"487";"17"
"42";"531";"28"
"42";"532";"27"
"42";"533";"26"
"42";"553";"18"
"42";"562";"37"
"42";"564";"36"
"42";"612";"49"
"42";"630";"50"
"42";"704";"51"
"42";"705";"52"
"42";"706";"53"
"42";"707";"54"
"42";"717";"55"
"43";"152";"0"
"43";"153";"2"
"43";"160";"1"
"43";"161";"4"
"43";"231";"3"
"43";"297";"5"
"43";"309";"6"
"43";"379";"7"
"43";"380";"8"
"43";"381";"9"
"43";"382";"10"
"43";"428";"16"
"43";"431";"11"
"43";"452";"12"
"43";"459";"17"
"43";"460";"18"
"43";"461";"19"
"43";"462";"20"
"43";"463";"21"
"43";"464";"22"
"43";"465";"23"
"43";"466";"24"
"43";"467";"25"
"43";"468";"26"
"43";"469";"27"
"43";"480";"28"
"43";"507";"14"
"43";"508";"13"
"43";"523";"29"
"43";"550";"15"
"43";"551";"30"
"43";"552";"31"
"43";"613";"32"
"43";"629";"33"
"43";"724";"34"
"43";"725";"35"
"43";"726";"36"
"44";"282";"0"
"44";"340";"1"
"44";"368";"6"
"44";"436";"2"
"44";"437";"3"
"44";"451";"5"
"44";"549";"4"
"44";"704";"7"
"44";"705";"8"
"44";"706";"9"
"44";"707";"10"
"46";"151";"9"
"46";"152";"8"
"46";"153";"12"
"46";"159";"22"
"46";"160";"24"
"46";"161";"17"
"46";"226";"4"
"46";"231";"19"
"46";"237";"11"
"46";"241";"37"
"46";"256";"3"
"46";"267";"20"
"46";"276";"14"
"46";"284";"16"
"46";"297";"13"
"46";"309";"45"
"46";"310";"15"
"46";"314";"21"
"46";"321";"10"
"46";"327";"18"
"46";"337";"27"
"46";"346";"25"
"46";"349";"2"
"46";"352";"6"
"46";"353";"5"
"46";"354";"7"
"46";"370";"23"
"46";"378";"0"
"46";"379";"26"
"46";"380";"28"
"46";"381";"1"
"46";"382";"29"
"46";"385";"46"
"46";"428";"31"
"46";"431";"30"
"46";"434";"32"
"46";"449";"44"
"46";"457";"47"
"46";"458";"48"
"46";"459";"49"
"46";"460";"50"
"46";"461";"51"
"46";"462";"52"
"46";"463";"53"
"46";"464";"54"
"46";"465";"55"
"46";"466";"56"
"46";"467";"57"
"46";"468";"58"
"46";"469";"59"
"46";"480";"60"
"46";"484";"33"
"46";"485";"34"
"46";"486";"35"
"46";"507";"61"
"46";"508";"62"
"46";"520";"39"
"46";"523";"36"
"46";"525";"63"
"46";"526";"38"
"46";"550";"40"
"46";"551";"41"
"46";"552";"42"
"46";"561";"43"
"46";"609";"65"
"46";"612";"64"
"46";"613";"66"
"46";"629";"67"
"46";"724";"69"
"46";"725";"68"
"46";"726";"70"
"46";"734";"71"
"47";"243";"0"
"47";"317";"5"
"47";"318";"3"
"47";"319";"4"
"47";"320";"1"
"47";"321";"2"
"48";"33";"7"
"48";"34";"2"
"48";"35";"6"
"48";"57";"4"
"48";"63";"19"
"48";"65";"18"
"48";"233";"3"
"48";"234";"5"
"48";"243";"8"
"48";"263";"0"
"48";"264";"1"
"48";"269";"23"
"48";"275";"20"
"48";"320";"9"
"48";"321";"10"
"48";"343";"22"
"48";"349";"11"
"48";"351";"12"
"48";"374";"16"
"48";"397";"13"
"48";"430";"17"
"48";"438";"14"
"48";"445";"15"
"48";"565";"21"
"48";"609";"25"
"48";"612";"24"
"49";"57";"0"
"49";"234";"1"
"49";"263";"2"
"49";"264";"3"
"49";"269";"9"
"49";"343";"8"
"49";"374";"5"
"49";"430";"6"
"49";"445";"4"
"49";"565";"7"
"50";"63";"0"
"50";"275";"1"
"51";"33";"3"
"51";"34";"2"
"51";"35";"0"
"51";"233";"1"
"52";"128";"3"
"52";"134";"0"
"52";"142";"1"
"52";"322";"2"
"53";"136";"0"
"53";"205";"1"
"53";"434";"2"
"54";"18";"20"
"54";"48";"13"
"54";"61";"22"
"54";"65";"10"
"54";"133";"4"
"54";"206";"18"
"54";"286";"11"
"54";"294";"15"
"54";"322";"0"
"54";"323";"5"
"54";"324";"6"
"54";"325";"7"
"54";"326";"8"
"54";"327";"1"
"54";"348";"19"
"54";"408";"14"
"54";"430";"9"
"54";"434";"23"
"54";"447";"16"
"54";"448";"17"
"54";"449";"21"
"54";"487";"2"
"54";"531";"12"
"54";"553";"3"
"54";"612";"24"
"54";"630";"25"
"54";"705";"26"
"54";"706";"27"
"54";"707";"28"
"54";"727";"29"
"54";"728";"31"
"54";"729";"30"
"54";"730";"34"
"54";"731";"32"
"54";"732";"33"
"55";"340";"59"
"55";"350";"12"
"55";"357";"13"
"55";"358";"15"
"55";"359";"63"
"55";"360";"16"
"55";"362";"17"
"55";"365";"18"
"55";"366";"19"
"55";"367";"20"
"55";"368";"0"
"55";"369";"21"
"55";"370";"22"
"55";"398";"68"
"55";"399";"62"
"55";"401";"14"
"55";"402";"64"
"55";"419";"23"
"55";"420";"24"
"55";"421";"25"
"55";"422";"26"
"55";"424";"27"
"55";"435";"67"
"55";"436";"66"
"55";"451";"1"
"55";"470";"4"
"55";"471";"2"
"55";"472";"5"
"55";"473";"6"
"55";"474";"3"
"55";"475";"7"
"55";"476";"9"
"55";"477";"10"
"55";"478";"8"
"55";"479";"11"
"55";"509";"65"
"55";"510";"28"
"55";"511";"29"
"55";"512";"30"
"55";"513";"31"
"55";"514";"32"
"55";"549";"33"
"55";"573";"34"
"55";"574";"35"
"55";"575";"36"
"55";"576";"37"
"55";"577";"38"
"55";"578";"39"
"55";"579";"40"
"55";"580";"41"
"55";"581";"42"
"55";"582";"43"
"55";"583";"44"
"55";"584";"45"
"55";"585";"46"
"55";"586";"47"
"55";"587";"48"
"55";"588";"49"
"55";"589";"50"
"55";"590";"51"
"55";"591";"52"
"55";"592";"53"
"55";"593";"54"
"55";"594";"55"
"55";"595";"56"
"55";"596";"57"
"55";"597";"58"
"55";"602";"60"
"55";"604";"61"
"55";"612";"69"
"55";"614";"70"
"55";"615";"71"
"55";"616";"72"
"55";"617";"73"
"55";"618";"74"
"55";"619";"83"
"55";"620";"75"
"55";"621";"76"
"55";"622";"77"
"55";"623";"78"
"55";"624";"79"
"55";"626";"80"
"55";"627";"81"
"55";"628";"82"
"55";"697";"86"
"55";"699";"84"
"55";"703";"85"
"55";"705";"87"
"55";"707";"88"
"55";"708";"90"
"55";"710";"91"
"55";"715";"89"
"55";"716";"92"
"58";"250";"7"
"58";"269";"12"
"58";"270";"5"
"58";"303";"2"
"58";"343";"6"
"58";"344";"3"
"58";"345";"4"
"58";"371";"0"
"58";"372";"1"
"58";"378";"8"
"58";"428";"13"
"58";"445";"9"
"58";"562";"10"
"58";"565";"14"
"58";"600";"11"
"58";"609";"15"
"58";"717";"16"
"59";"346";"0"
"59";"434";"1"
"60";"151";"13"
"60";"153";"12"
"60";"231";"14"
"60";"241";"5"
"60";"242";"2"
"60";"269";"18"
"60";"270";"0"
"60";"321";"15"
"60";"374";"6"
"60";"378";"7"
"60";"382";"1"
"60";"428";"8"
"60";"434";"17"
"60";"435";"3"
"60";"436";"4"
"60";"507";"9"
"60";"508";"10"
"60";"523";"11"
"60";"565";"16"
"60";"609";"19"
"60";"704";"20"
"61";"151";"10"
"61";"153";"9"
"61";"231";"11"
"61";"241";"5"
"61";"321";"12"
"61";"378";"4"
"61";"380";"0"
"61";"381";"1"
"61";"382";"2"
"61";"428";"3"
"61";"507";"6"
"61";"508";"7"
"61";"523";"8"
"61";"609";"13"
"108";"153";"19"
"108";"231";"20"
"108";"284";"1"
"108";"310";"2"
"108";"378";"0"
"108";"428";"21"
"108";"460";"3"
"108";"461";"4"
"108";"462";"5"
"108";"463";"6"
"108";"464";"7"
"108";"465";"8"
"108";"466";"9"
"108";"467";"10"
"108";"468";"11"
"108";"469";"12"
"108";"480";"13"
"108";"507";"14"
"108";"508";"15"
"108";"523";"16"
"108";"550";"17"
"108";"551";"18"
"108";"613";"22"
"109";"108";"5"
"109";"119";"8"
"109";"135";"11"
"109";"142";"0"
"109";"149";"4"
"109";"247";"7"
"109";"248";"15"
"109";"270";"14"
"109";"271";"16"
"109";"274";"12"
"109";"282";"17"
"109";"289";"10"
"109";"303";"18"
"109";"339";"9"
"109";"344";"13"
"109";"363";"20"
"109";"364";"19"
"109";"371";"3"
"109";"397";"1"
"109";"437";"2"
"109";"445";"6"
"110";"135";"4"
"110";"142";"0"
"110";"149";"2"
"110";"271";"5"
"110";"363";"7"
"110";"364";"6"
"110";"397";"1"
"110";"445";"3"
"111";"119";"2"
"111";"247";"1"
"111";"248";"7"
"111";"270";"6"
"111";"282";"8"
"111";"289";"4"
"111";"303";"9"
"111";"339";"3"
"111";"344";"5"
"111";"437";"0"
"112";"270";"1"
"112";"282";"2"
"112";"371";"0"
"113";"108";"1"
"113";"271";"3"
"113";"274";"2"
"113";"363";"4"
"113";"371";"0"
"114";"57";"0"
"114";"104";"17"
"114";"106";"16"
"114";"115";"18"
"114";"130";"8"
"114";"132";"9"
"114";"135";"3"
"114";"142";"1"
"114";"149";"10"
"114";"193";"23"
"114";"194";"25"
"114";"202";"7"
"114";"203";"2"
"114";"212";"4"
"114";"247";"27"
"114";"248";"12"
"114";"270";"21"
"114";"271";"13"
"114";"274";"15"
"114";"288";"24"
"114";"303";"14"
"114";"304";"11"
"114";"306";"26"
"114";"339";"29"
"114";"344";"20"
"114";"363";"30"
"114";"364";"28"
"114";"371";"22"
"114";"397";"5"
"114";"433";"19"
"114";"437";"6"
"115";"270";"3"
"115";"271";"1"
"115";"344";"2"
"115";"371";"4"
"115";"437";"0"
"116";"212";"0"
"118";"104";"1"
"118";"106";"0"
"118";"115";"2"
"118";"433";"3"
"119";"149";"0"
"119";"247";"6"
"119";"248";"2"
"119";"303";"3"
"119";"304";"1"
"119";"306";"5"
"119";"339";"7"
"119";"344";"4"
"120";"57";"0"
"120";"130";"7"
"120";"132";"8"
"120";"135";"3"
"120";"142";"1"
"120";"149";"9"
"120";"202";"6"
"120";"203";"2"
"120";"242";"5"
"120";"271";"10"
"120";"274";"11"
"120";"363";"13"
"120";"364";"12"
"120";"397";"4"
"121";"160";"2"
"121";"161";"4"
"121";"203";"1"
"121";"314";"5"
"121";"519";"0"
"121";"526";"3"
"130";"92";"3"
"130";"93";"4"
"130";"94";"0"
"130";"95";"5"
"130";"96";"1"
"130";"104";"18"
"130";"106";"17"
"130";"108";"20"
"130";"114";"16"
"130";"115";"19"
"130";"119";"30"
"130";"135";"11"
"130";"196";"9"
"130";"197";"10"
"130";"198";"8"
"130";"199";"6"
"130";"200";"7"
"130";"203";"23"
"130";"234";"28"
"130";"247";"29"
"130";"248";"31"
"130";"270";"27"
"130";"273";"15"
"130";"274";"13"
"130";"282";"32"
"130";"285";"2"
"130";"303";"33"
"130";"304";"26"
"130";"320";"22"
"130";"339";"34"
"130";"363";"25"
"130";"364";"24"
"130";"397";"14"
"130";"519";"21"
"130";"535";"12"
"132";"92";"2"
"132";"93";"3"
"132";"94";"0"
"132";"95";"4"
"132";"96";"5"
"132";"196";"9"
"132";"197";"10"
"132";"198";"8"
"132";"199";"6"
"132";"200";"7"
"132";"285";"1"
"133";"119";"4"
"133";"234";"3"
"133";"247";"2"
"133";"248";"5"
"133";"270";"1"
"133";"303";"6"
"133";"304";"0"
"133";"339";"7"
"134";"104";"8"
"134";"106";"7"
"134";"108";"10"
"134";"114";"6"
"134";"115";"9"
"134";"135";"0"
"134";"203";"13"
"134";"242";"4"
"134";"273";"5"
"134";"274";"2"
"134";"282";"16"
"134";"320";"12"
"134";"363";"15"
"134";"364";"14"
"134";"397";"3"
"134";"519";"11"
"134";"535";"1"
"135";"350";"0"
"135";"357";"1"
"135";"358";"2"
"135";"359";"21"
"135";"360";"3"
"135";"362";"4"
"135";"365";"5"
"135";"366";"6"
"135";"367";"7"
"135";"369";"8"
"135";"398";"24"
"135";"399";"20"
"135";"401";"9"
"135";"402";"22"
"135";"419";"10"
"135";"420";"11"
"135";"421";"12"
"135";"422";"13"
"135";"424";"14"
"135";"509";"23"
"135";"510";"15"
"135";"511";"16"
"135";"512";"17"
"135";"513";"18"
"135";"514";"19"
"135";"614";"25"
"135";"615";"26"
"135";"616";"27"
"135";"617";"28"
"135";"618";"29"
"135";"619";"38"
"135";"620";"30"
"135";"621";"31"
"135";"622";"32"
"135";"623";"33"
"135";"624";"34"
"135";"626";"35"
"135";"627";"36"
"135";"628";"37"
"136";"476";"0"
"136";"477";"1"
"136";"478";"2"
"136";"479";"3"
"136";"597";"4"
"136";"708";"5"
"137";"470";"0"
"137";"471";"1"
"137";"472";"2"
"137";"473";"3"
"137";"474";"4"
"137";"475";"6"
"137";"573";"9"
"137";"574";"11"
"137";"575";"12"
"137";"576";"14"
"137";"577";"16"
"137";"578";"17"
"137";"579";"19"
"137";"580";"21"
"137";"581";"23"
"137";"582";"25"
"137";"583";"26"
"137";"584";"27"
"137";"585";"29"
"137";"586";"28"
"137";"587";"24"
"137";"588";"22"
"137";"589";"20"
"137";"590";"18"
"137";"591";"15"
"137";"592";"13"
"137";"593";"10"
"137";"594";"8"
"137";"595";"7"
"137";"596";"5"
"137";"710";"31"
"137";"715";"30"
"137";"716";"32"
"138";"340";"1"
"138";"368";"0"
"138";"435";"6"
"138";"451";"2"
"138";"549";"3"
"138";"602";"4"
"138";"604";"5"
"138";"697";"9"
"138";"699";"7"
"138";"703";"8"
"138";"704";"10"
"138";"705";"11"
"138";"706";"12"
"138";"707";"13"
"139";"32";"87"
"139";"48";"30"
"139";"60";"101"
"139";"61";"100"
"139";"63";"23"
"139";"65";"22"
"139";"67";"17"
"139";"68";"18"
"139";"69";"19"
"139";"70";"20"
"139";"71";"21"
"139";"72";"71"
"139";"87";"7"
"139";"90";"12"
"139";"91";"29"
"139";"97";"39"
"139";"98";"40"
"139";"99";"41"
"139";"100";"42"
"139";"101";"43"
"139";"102";"44"
"139";"117";"82"
"139";"127";"14"
"139";"128";"15"
"139";"129";"16"
"139";"136";"72"
"139";"144";"83"
"139";"145";"84"
"139";"146";"85"
"139";"148";"86"
"139";"164";"26"
"139";"166";"28"
"139";"167";"27"
"139";"168";"97"
"139";"205";"73"
"139";"206";"74"
"139";"213";"8"
"139";"221";"57"
"139";"249";"94"
"139";"259";"6"
"139";"275";"24"
"139";"283";"25"
"139";"293";"10"
"139";"294";"32"
"139";"302";"2"
"139";"308";"111"
"139";"313";"3"
"139";"316";"5"
"139";"317";"107"
"139";"318";"105"
"139";"319";"106"
"139";"329";"77"
"139";"330";"78"
"139";"332";"80"
"139";"333";"81"
"139";"334";"79"
"139";"335";"99"
"139";"338";"108"
"139";"341";"110"
"139";"342";"89"
"139";"374";"0"
"139";"383";"4"
"139";"386";"63"
"139";"387";"58"
"139";"388";"59"
"139";"389";"62"
"139";"390";"64"
"139";"391";"61"
"139";"408";"31"
"139";"410";"51"
"139";"411";"52"
"139";"412";"53"
"139";"413";"54"
"139";"414";"55"
"139";"417";"50"
"139";"418";"56"
"139";"427";"9"
"139";"430";"13"
"139";"439";"103"
"139";"444";"104"
"139";"446";"109"
"139";"447";"33"
"139";"448";"34"
"139";"453";"45"
"139";"454";"46"
"139";"455";"47"
"139";"456";"48"
"139";"483";"49"
"139";"503";"36"
"139";"504";"35"
"139";"505";"37"
"139";"506";"38"
"139";"518";"11"
"139";"530";"60"
"139";"536";"1"
"139";"543";"93"
"139";"544";"90"
"139";"545";"92"
"139";"555";"65"
"139";"556";"66"
"139";"557";"67"
"139";"558";"68"
"139";"559";"69"
"139";"560";"70"
"139";"562";"76"
"139";"564";"75"
"139";"566";"95"
"139";"570";"96"
"139";"572";"98"
"139";"599";"102"
"139";"600";"88"
"139";"601";"91"
"140";"67";"11"
"140";"68";"12"
"140";"69";"13"
"140";"70";"14"
"140";"71";"15"
"140";"72";"52"
"140";"87";"5"
"140";"90";"10"
"140";"97";"20"
"140";"98";"21"
"140";"99";"22"
"140";"100";"23"
"140";"101";"24"
"140";"102";"25"
"140";"144";"53"
"140";"145";"54"
"140";"146";"55"
"140";"148";"56"
"140";"213";"6"
"140";"221";"38"
"140";"259";"4"
"140";"293";"8"
"140";"313";"1"
"140";"316";"3"
"140";"383";"2"
"140";"386";"44"
"140";"387";"39"
"140";"388";"40"
"140";"389";"43"
"140";"390";"45"
"140";"391";"42"
"140";"410";"32"
"140";"411";"33"
"140";"412";"34"
"140";"413";"35"
"140";"414";"36"
"140";"417";"31"
"140";"418";"37"
"140";"427";"7"
"140";"453";"26"
"140";"454";"27"
"140";"455";"28"
"140";"456";"29"
"140";"483";"30"
"140";"503";"17"
"140";"504";"16"
"140";"505";"18"
"140";"506";"19"
"140";"518";"9"
"140";"530";"41"
"140";"536";"0"
"140";"555";"46"
"140";"556";"47"
"140";"557";"48"
"140";"558";"49"
"140";"559";"50"
"140";"560";"51"
"141";"18";"21"
"141";"48";"15"
"141";"63";"7"
"141";"65";"6"
"141";"91";"14"
"141";"136";"18"
"141";"168";"28"
"141";"205";"19"
"141";"206";"20"
"141";"275";"8"
"141";"286";"9"
"141";"294";"17"
"141";"295";"22"
"141";"312";"23"
"141";"323";"0"
"141";"324";"1"
"141";"325";"2"
"141";"326";"3"
"141";"341";"31"
"141";"374";"4"
"141";"408";"16"
"141";"430";"5"
"141";"432";"29"
"141";"449";"24"
"141";"527";"30"
"141";"531";"12"
"141";"532";"11"
"141";"533";"10"
"141";"534";"13"
"141";"543";"27"
"141";"544";"25"
"141";"545";"26"
"142";"329";"0"
"142";"330";"1"
"142";"332";"3"
"142";"333";"4"
"142";"334";"2"
"143";"127";"0"
"143";"128";"1"
"143";"129";"2"
"143";"348";"8"
"143";"447";"3"
"143";"448";"4"
"143";"540";"7"
"143";"541";"6"
"143";"542";"5"
"144";"32";"5"
"144";"60";"15"
"144";"61";"14"
"144";"117";"3"
"144";"249";"9"
"144";"302";"0"
"144";"308";"21"
"144";"335";"13"
"144";"338";"19"
"144";"342";"7"
"144";"439";"17"
"144";"444";"18"
"144";"446";"20"
"144";"537";"4"
"144";"562";"2"
"144";"564";"1"
"144";"566";"10"
"144";"570";"11"
"144";"572";"12"
"144";"599";"16"
"144";"600";"6"
"144";"601";"8"
"145";"164";"1"
"145";"166";"3"
"145";"167";"2"
"145";"283";"0"
"145";"317";"6"
"145";"318";"4"
"145";"319";"5"
"148";"18";"7"
"148";"133";"4"
"148";"242";"12"
"148";"286";"10"
"148";"295";"17"
"148";"312";"8"
"148";"322";"22"
"148";"323";"24"
"148";"324";"25"
"148";"325";"26"
"148";"326";"27"
"148";"327";"28"
"148";"348";"23"
"148";"432";"9"
"148";"449";"18"
"148";"487";"5"
"148";"516";"0"
"148";"527";"20"
"148";"528";"21"
"148";"531";"13"
"148";"532";"14"
"148";"533";"15"
"148";"534";"16"
"148";"537";"11"
"148";"540";"1"
"148";"541";"2"
"148";"542";"3"
"148";"546";"19"
"148";"553";"6"
"151";"26";"74"
"151";"38";"67"
"151";"48";"56"
"151";"60";"75"
"151";"63";"34"
"151";"65";"72"
"151";"68";"70"
"151";"70";"71"
"151";"90";"3"
"151";"127";"61"
"151";"128";"62"
"151";"129";"63"
"151";"135";"68"
"151";"151";"81"
"151";"164";"26"
"151";"166";"28"
"151";"167";"27"
"151";"190";"36"
"151";"191";"39"
"151";"192";"41"
"151";"195";"43"
"151";"205";"50"
"151";"206";"65"
"151";"210";"29"
"151";"211";"30"
"151";"250";"20"
"151";"259";"2"
"151";"263";"44"
"151";"267";"31"
"151";"273";"23"
"151";"274";"35"
"151";"283";"25"
"151";"286";"48"
"151";"291";"54"
"151";"292";"53"
"151";"293";"4"
"151";"294";"59"
"151";"295";"49"
"151";"298";"37"
"151";"299";"38"
"151";"300";"40"
"151";"301";"42"
"151";"304";"15"
"151";"312";"52"
"151";"313";"7"
"151";"314";"32"
"151";"316";"1"
"151";"327";"60"
"151";"342";"18"
"151";"344";"16"
"151";"364";"76"
"151";"397";"73"
"151";"408";"58"
"151";"421";"14"
"151";"427";"6"
"151";"430";"55"
"151";"432";"47"
"151";"435";"12"
"151";"436";"33"
"151";"438";"69"
"151";"446";"24"
"151";"448";"64"
"151";"449";"57"
"151";"451";"13"
"151";"490";"8"
"151";"503";"9"
"151";"504";"10"
"151";"506";"11"
"151";"518";"5"
"151";"537";"51"
"151";"540";"45"
"151";"541";"46"
"151";"543";"66"
"151";"549";"21"
"151";"554";"0"
"151";"600";"17"
"151";"601";"19"
"151";"703";"22"
"151";"704";"77"
"151";"705";"78"
"151";"706";"79"
"151";"707";"80"
"152";"250";"8"
"152";"304";"3"
"152";"342";"6"
"152";"344";"4"
"152";"421";"2"
"152";"435";"0"
"152";"451";"1"
"152";"549";"9"
"152";"600";"5"
"152";"601";"7"
"152";"703";"10"
"152";"704";"11"
"152";"705";"12"
"152";"706";"13"
"152";"707";"14"
"153";"63";"11"
"153";"151";"22"
"153";"164";"3"
"153";"166";"5"
"153";"167";"4"
"153";"190";"13"
"153";"191";"16"
"153";"192";"18"
"153";"195";"20"
"153";"210";"6"
"153";"211";"7"
"153";"263";"21"
"153";"267";"8"
"153";"273";"0"
"153";"274";"12"
"153";"283";"2"
"153";"298";"14"
"153";"299";"15"
"153";"300";"17"
"153";"301";"19"
"153";"314";"9"
"153";"436";"10"
"153";"446";"1"
"154";"68";"12"
"154";"70";"13"
"154";"90";"3"
"154";"259";"2"
"154";"293";"4"
"154";"313";"7"
"154";"316";"1"
"154";"427";"6"
"154";"490";"8"
"154";"503";"9"
"154";"504";"10"
"154";"506";"11"
"154";"518";"5"
"154";"554";"0"
"155";"205";"5"
"155";"286";"3"
"155";"291";"9"
"155";"292";"8"
"155";"295";"4"
"155";"312";"7"
"155";"432";"2"
"155";"537";"6"
"155";"540";"0"
"155";"541";"1"
"156";"26";"17"
"156";"38";"12"
"156";"48";"1"
"156";"60";"18"
"156";"65";"15"
"156";"127";"6"
"156";"128";"7"
"156";"129";"8"
"156";"135";"13"
"156";"206";"10"
"156";"294";"4"
"156";"327";"5"
"156";"364";"19"
"156";"397";"16"
"156";"408";"3"
"156";"430";"0"
"156";"438";"14"
"156";"448";"9"
"156";"449";"2"
"156";"543";"11"
"157";"135";"8"
"157";"142";"5"
"157";"269";"7"
"157";"344";"3"
"157";"363";"2"
"157";"434";"0"
"157";"451";"1"
"157";"565";"9"
"157";"706";"4"
"157";"707";"6"
"158";"32";"32"
"158";"48";"17"
"158";"51";"22"
"158";"63";"14"
"158";"65";"13"
"158";"87";"7"
"158";"128";"11"
"158";"129";"12"
"158";"135";"2"
"158";"136";"20"
"158";"142";"23"
"158";"152";"36"
"158";"205";"21"
"158";"206";"24"
"158";"234";"44"
"158";"241";"43"
"158";"247";"46"
"158";"248";"58"
"158";"259";"6"
"158";"263";"34"
"158";"264";"33"
"158";"267";"61"
"158";"269";"48"
"158";"271";"63"
"158";"276";"53"
"158";"282";"66"
"158";"284";"56"
"158";"286";"78"
"158";"289";"1"
"158";"293";"9"
"158";"304";"25"
"158";"310";"54"
"158";"312";"79"
"158";"314";"62"
"158";"316";"5"
"158";"327";"3"
"158";"335";"52"
"158";"340";"67"
"158";"342";"47"
"158";"344";"28"
"158";"363";"70"
"158";"364";"71"
"158";"378";"45"
"158";"380";"38"
"158";"381";"39"
"158";"382";"40"
"158";"427";"8"
"158";"428";"42"
"158";"434";"41"
"158";"438";"0"
"158";"439";"59"
"158";"449";"35"
"158";"451";"69"
"158";"517";"15"
"158";"518";"10"
"158";"520";"37"
"158";"535";"4"
"158";"537";"29"
"158";"538";"30"
"158";"551";"55"
"158";"552";"57"
"158";"564";"26"
"158";"565";"27"
"158";"568";"49"
"158";"569";"51"
"158";"570";"50"
"158";"597";"68"
"158";"602";"19"
"158";"627";"31"
"158";"704";"60"
"158";"705";"65"
"158";"706";"18"
"158";"707";"64"
"158";"717";"16"
"158";"727";"77"
"158";"728";"76"
"158";"729";"75"
"158";"730";"74"
"158";"731";"73"
"158";"732";"72"
"159";"286";"4"
"159";"312";"5"
"159";"434";"3"
"159";"535";"0"
"159";"537";"2"
"159";"564";"1"
"160";"48";"5"
"160";"128";"3"
"160";"129";"4"
"160";"135";"1"
"160";"136";"6"
"160";"142";"8"
"160";"205";"7"
"160";"206";"9"
"160";"327";"2"
"160";"438";"0"
"160";"449";"11"
"160";"538";"10"
"161";"87";"2"
"161";"259";"1"
"161";"293";"4"
"161";"316";"0"
"161";"427";"3"
"161";"439";"6"
"161";"518";"5"
"162";"51";"4"
"162";"63";"1"
"162";"65";"0"
"162";"263";"6"
"162";"264";"5"
"162";"271";"7"
"162";"286";"16"
"162";"312";"17"
"162";"363";"8"
"162";"364";"9"
"162";"517";"2"
"162";"717";"3"
"162";"727";"15"
"162";"728";"14"
"162";"729";"13"
"162";"730";"12"
"162";"731";"11"
"162";"732";"10"
"163";"247";"2"
"163";"282";"6"
"163";"340";"7"
"163";"451";"8"
"163";"602";"1"
"163";"704";"3"
"163";"705";"5"
"163";"706";"0"
"163";"707";"4"
"164";"32";"5"
"164";"234";"6"
"164";"248";"13"
"164";"269";"8"
"164";"289";"0"
"164";"304";"1"
"164";"335";"12"
"164";"342";"7"
"164";"344";"3"
"164";"565";"2"
"164";"568";"9"
"164";"569";"11"
"164";"570";"10"
"164";"597";"14"
"164";"627";"4"
"165";"152";"0"
"165";"241";"6"
"165";"267";"13"
"165";"276";"8"
"165";"284";"11"
"165";"310";"9"
"165";"314";"14"
"165";"378";"7"
"165";"380";"2"
"165";"381";"3"
"165";"382";"4"
"165";"428";"5"
"165";"520";"1"
"165";"551";"10"
"165";"552";"12"
