ID;Active (0/1);Name;Default Category;Price tax excl.;Tax rules ID;On sale (0/1);Reference #;Show price;url_image;
"18";"1";"Guantes de Entrenamiento";"35";"8394.957983";"53";"0";"GM";"1";"https://pesaschile.cl/2/img/p/1/1/2/7/1127-thickbox_default.jpg";
"18";"1";"Guantes de Entrenamiento";"35";"8394.957983";"53";"0";"GM";"1";"https://pesaschile.cl/2/img/p/1/1/2/8/1128-thickbox_default.jpg";
"26";"1";"Pesos Tobillos muñecas 1.5kg  (2 unidades)";"2";"4193.277311";"53";"0";"PM1.5";"1";"https://pesaschile.cl/2/img/p/6/9/4/694-thickbox_default.jpg";
"32";"1";"Remo Contrapeso JR";"2";"168058.823529";"53";"0";"MRCJ";"1";"https://pesaschile.cl/2/img/p/1/5/1/4/1514-thickbox_default.jpg";
"33";"1";"Chaleco de lastre 10kg";"2";"22680.672269";"53";"0";"CL10";"1";"https://pesaschile.cl/2/img/p/9/0/90-thickbox_default.jpg";
"34";"1";"Chaleco de lastre 15kg";"2";"26882.352941";"53";"0";"CL15";"1";"https://pesaschile.cl/2/img/p/9/1/91-thickbox_default.jpg";
"35";"1";"Chaleco de lastre 20kg";"2";"31084.033613";"53";"0";"CL20";"1";"https://pesaschile.cl/2/img/p/9/2/92-thickbox_default.jpg";
"38";"1";"Pesos Tobillo muñeca 2 kg (2 unidades)";"2";"5873.949580";"53";"0";"PM2";"1";"https://pesaschile.cl/2/img/p/6/9/7/697-thickbox_default.jpg";
"38";"1";"Pesos Tobillo muñeca 2 kg (2 unidades)";"2";"5873.949580";"53";"0";"PM2";"1";"https://pesaschile.cl/2/img/p/6/9/8/698-thickbox_default.jpg";
"43";"1";"Punching Bag Grande";"2";"25201.680672";"53";"0";"DCPG";"1";"https://pesaschile.cl/2/img/p/1/2/3/9/1239-thickbox_default.jpg";
"48";"1";"Cuerda de salto con rodamientos";"2";"2512.605042";"53";"0";"CSP";"1";"https://pesaschile.cl/2/img/p/1/4/3/7/1437-thickbox_default.jpg";
"48";"1";"Cuerda de salto con rodamientos";"2";"2512.605042";"53";"0";"CSP";"1";"https://pesaschile.cl/2/img/p/1/4/3/8/1438-thickbox_default.jpg";
"48";"1";"Cuerda de salto con rodamientos";"2";"2512.605042";"53";"0";"CSP";"1";"https://pesaschile.cl/2/img/p/1/4/3/9/1439-thickbox_default.jpg";
"51";"1";"Escalera Agilidad";"2";"16798.319328";"53";"0";"FIEC";"1";"https://pesaschile.cl/2/img/p/1/1/1/111-thickbox_default.jpg";
"54";"1";"Hand Grip Mango Esponja x2 UN";"2";"2092.436975";"53";"0";"HG5";"1";"https://pesaschile.cl/2/img/p/7/6/0/760-thickbox_default.jpg";
"54";"1";"Hand Grip Mango Esponja x2 UN";"2";"2092.436975";"53";"0";"HG5";"1";"https://pesaschile.cl/2/img/p/7/6/1/761-thickbox_default.jpg";
"54";"1";"Hand Grip Mango Esponja x2 UN";"2";"2092.436975";"53";"0";"HG5";"1";"https://pesaschile.cl/2/img/p/1/2/6/8/1268-thickbox_default.jpg";
"54";"1";"Hand Grip Mango Esponja x2 UN";"2";"2092.436975";"53";"0";"HG5";"1";"https://pesaschile.cl/2/img/p/1/2/6/9/1269-thickbox_default.jpg";
"57";"1";"Iron Gym Xtreme Generic";"2";"13436.974790";"53";"0";"BP200";"1";"https://pesaschile.cl/2/img/p/1/2/2/122-thickbox_default.jpg";
"57";"1";"Iron Gym Xtreme Generic";"2";"13436.974790";"53";"0";"BP200";"1";"https://pesaschile.cl/2/img/p/1/2/3/123-thickbox_default.jpg";
"57";"1";"Iron Gym Xtreme Generic";"2";"13436.974790";"53";"0";"BP200";"1";"https://pesaschile.cl/2/img/p/1/2/4/124-thickbox_default.jpg";
"57";"1";"Iron Gym Xtreme Generic";"2";"13436.974790";"53";"0";"BP200";"1";"https://pesaschile.cl/2/img/p/6/7/6/676-thickbox_default.jpg";
"57";"1";"Iron Gym Xtreme Generic";"2";"13436.974790";"53";"0";"BP200";"1";"https://pesaschile.cl/2/img/p/6/7/7/677-thickbox_default.jpg";
"60";"1";"Push Up Promachine";"2";"5873.949580";"53";"0";"PUP";"1";"https://pesaschile.cl/2/img/p/1/4/0/3/1403-thickbox_default.jpg";
"60";"1";"Push Up Promachine";"2";"5873.949580";"53";"0";"PUP";"1";"https://pesaschile.cl/2/img/p/1/4/0/4/1404-thickbox_default.jpg";
"61";"1";"Push Up metalico";"2";"8394.957983";"53";"0";"PUM";"1";"https://pesaschile.cl/2/img/p/1/4/1/4/1414-thickbox_default.jpg";
"63";"1";"Anillas olimpicas";"2";"16798.319328";"53";"0";"BSA1";"1";"https://pesaschile.cl/2/img/p/1/3/1/131-thickbox_default.jpg";
"63";"1";"Anillas olimpicas";"2";"16798.319328";"53";"0";"BSA1";"1";"https://pesaschile.cl/2/img/p/7/2/9/729-thickbox_default.jpg";
"63";"1";"Anillas olimpicas";"2";"16798.319328";"53";"0";"BSA1";"1";"https://pesaschile.cl/2/img/p/7/3/0/730-thickbox_default.jpg";
"65";"1";"TRX Alterntiva";"2";"25201.680672";"53";"0";"BSA";"1";"https://pesaschile.cl/2/img/p/7/4/4/744-thickbox_default.jpg";
"65";"1";"TRX Alterntiva";"2";"25201.680672";"53";"0";"BSA";"1";"https://pesaschile.cl/2/img/p/7/4/5/745-thickbox_default.jpg";
"65";"1";"TRX Alterntiva";"2";"25201.680672";"53";"0";"BSA";"1";"https://pesaschile.cl/2/img/p/7/4/6/746-thickbox_default.jpg";
"65";"1";"TRX Alterntiva";"2";"25201.680672";"53";"0";"BSA";"1";"https://pesaschile.cl/2/img/p/7/4/7/747-thickbox_default.jpg";
"65";"1";"TRX Alterntiva";"2";"25201.680672";"53";"0";"BSA";"1";"https://pesaschile.cl/2/img/p/1/1/1/4/1114-thickbox_default.jpg";
"65";"1";"TRX Alterntiva";"2";"25201.680672";"53";"0";"BSA";"1";"https://pesaschile.cl/2/img/p/1/1/1/5/1115-thickbox_default.jpg";
"67";"1";"Barra Mancuerna Preolímpica";"2";"4193.277311";"53";"0";"BPM";"1";"https://pesaschile.cl/2/img/p/1/4/6/0/1460-thickbox_default.jpg";
"67";"1";"Barra Mancuerna Preolímpica";"2";"4193.277311";"53";"0";"BPM";"1";"https://pesaschile.cl/2/img/p/1/4/6/1/1461-thickbox_default.jpg";
"68";"1";"Barra Recta Preolímpica";"32";"13436.974790";"53";"0";"BPR150";"1";"https://pesaschile.cl/2/img/p/1/5/6/156-thickbox_default.jpg";
"69";"1";"Barra Romana Preolímpica";"2";"16798.319328";"53";"0";"BPRO";"1";"https://pesaschile.cl/2/img/p/1/5/7/157-thickbox_default.jpg";
"70";"1";"Barra W Preolímpica";"32";"12596.638656";"53";"0";"BPW";"1";"https://pesaschile.cl/2/img/p/1/5/9/159-thickbox_default.jpg";
"71";"1";"Barra Z Preolímpica";"2";"10915.966387";"53";"0";"BPZ";"1";"https://pesaschile.cl/2/img/p/7/8/3/783-thickbox_default.jpg";
"83";"1";"Par Discos Mastodonte 2,5Kg";"32";"4201.680672";"53";"0";"DPM025";"1";"https://pesaschile.cl/2/img/p/4/1/0/410-thickbox_default.jpg";
"84";"1";"Par Discos Mastodonte 1,25Kg";"32";"2100.840336";"53";"0";"DPM0125";"1";"https://pesaschile.cl/2/img/p/4/0/8/408-thickbox_default.jpg";
"85";"1";"Par Discos Mastodonte 5Kg";"32";"8403.361345";"53";"0";"DPM05";"1";"https://pesaschile.cl/2/img/p/4/0/9/409-thickbox_default.jpg";
"87";"1";"Barra Olímpica Eco";"2";"37806.722689";"53";"0";"BORE";"1";"https://pesaschile.cl/2/img/p/1/3/8/138-thickbox_default.jpg";
"87";"1";"Barra Olímpica Eco";"2";"37806.722689";"53";"0";"BORE";"1";"https://pesaschile.cl/2/img/p/3/5/4/354-thickbox_default.jpg";
"87";"1";"Barra Olímpica Eco";"2";"37806.722689";"53";"0";"BORE";"1";"https://pesaschile.cl/2/img/p/7/4/8/748-thickbox_default.jpg";
"87";"1";"Barra Olímpica Eco";"2";"37806.722689";"53";"0";"BORE";"1";"https://pesaschile.cl/2/img/p/7/4/9/749-thickbox_default.jpg";
"88";"1";"Banco Scott JR";"13";"109235.294118";"53";"0";"UB006J";"1";"https://pesaschile.cl/2/img/p/1/5/1/5/1515-thickbox_default.jpg";
"88";"1";"Banco Scott JR";"13";"109235.294118";"53";"0";"UB006J";"1";"https://pesaschile.cl/2/img/p/1/5/1/6/1516-thickbox_default.jpg";
"90";"1";"Barra Z Olímpica ";"2";"33605.042017";"53";"0";"BOZ";"1";"https://pesaschile.cl/2/img/p/3/1/8/318-thickbox_default.jpg";
"91";"1";"Collarines HWM";"2";"8394.957983";"53";"0";"CO";"1";"https://pesaschile.cl/2/img/p/1/1/2/3/1123-thickbox_default.jpg";
"91";"1";"Collarines HWM";"2";"8394.957983";"53";"0";"CO";"1";"https://pesaschile.cl/2/img/p/1/1/2/4/1124-thickbox_default.jpg";
"92";"1";"Par Discos Acero Olímpicos 2,5Kg ";"18";"5529.411765";"53";"0";"DOA025";"1";"https://pesaschile.cl/2/img/p/1/7/5/0/1750-thickbox_default.jpg";
"93";"1";"Par Discos Acero Olímpicos 5kg";"18";"10907.563025";"53";"0";"DOA05";"1";"https://pesaschile.cl/2/img/p/1/1/2/5/1125-thickbox_default.jpg";
"94";"1";"Par DiscosAcero Olímpicos 10Kg";"18";"21831.932773";"53";"0";"DOA10";"1";"https://pesaschile.cl/2/img/p/6/3/6/636-thickbox_default.jpg";
"94";"1";"Par DiscosAcero Olímpicos 10Kg";"18";"21831.932773";"53";"0";"DOA10";"1";"https://pesaschile.cl/2/img/p/1/1/7/6/1176-thickbox_default.jpg";
"95";"1";"Par Discos Acero Olímpicos 15Kg";"18";"32756.302521";"53";"0";"DOA15";"1";"https://pesaschile.cl/2/img/p/3/5/1/351-thickbox_default.jpg";
"95";"1";"Par Discos Acero Olímpicos 15Kg";"18";"32756.302521";"53";"0";"DOA15";"1";"https://pesaschile.cl/2/img/p/6/3/5/635-thickbox_default.jpg";
"96";"1";"Par Discos Acero Olímpicos 20Kg";"18";"43680.672269";"53";"0";"DOA20";"1";"https://pesaschile.cl/2/img/p/1/1/2/6/1126-thickbox_default.jpg";
"97";"1";"Par Discos Engomados 1,25kg";"2";"3352.941176";"53";"0";"DOE0125";"1";"https://pesaschile.cl/2/img/p/5/9/2/592-thickbox_default.jpg";
"98";"1";"Par Discos Engomados 2,5kg";"2";"6714.285714";"53";"0";"DOE025";"1";"https://pesaschile.cl/2/img/p/5/9/3/593-thickbox_default.jpg";
"99";"1";"Par Discos Engomados 5kg";"2";"13428.571429";"53";"0";"DOE05";"1";"https://pesaschile.cl/2/img/p/5/9/4/594-thickbox_default.jpg";
"100";"1";"Par Discos Engomados 10kg";"2";"26873.949580";"53";"0";"DOE10";"1";"https://pesaschile.cl/2/img/p/5/9/5/595-thickbox_default.jpg";
"101";"1";"Par Discos Engomados 15kg";"2";"40319.327731";"53";"0";"DOE15";"1";"https://pesaschile.cl/2/img/p/5/9/6/596-thickbox_default.jpg";
"102";"1";"Par Discos Engomados 20kg";"2";"53764.705882";"53";"0";"DOE20";"1";"https://pesaschile.cl/2/img/p/7/7/5/775-thickbox_default.jpg";
"103";"1";"Kettlebell Vinilo 16Kg";"15";"20159.663866";"53";"0";"KV16";"1";"https://pesaschile.cl/2/img/p/1/7/5/175-thickbox_default.jpg";
"104";"1";"Kettlebell Vinilo 8Kg";"15";"8731.092437";"53";"0";"KV08";"1";"https://pesaschile.cl/2/img/p/1/1/3/6/1136-thickbox_default.jpg";
"104";"1";"Kettlebell Vinilo 8Kg";"15";"8731.092437";"53";"0";"KV08";"1";"https://pesaschile.cl/2/img/p/1/2/6/0/1260-thickbox_default.jpg";
"105";"1";"Kettlebell Vinilo 20Kg";"15";"25201.680672";"53";"0";"KV20";"1";"https://pesaschile.cl/2/img/p/1/7/7/177-thickbox_default.jpg";
"106";"1";"Kettlebell Vinilo 6Kg";"15";"7554.621849";"53";"0";"KV06";"1";"https://pesaschile.cl/2/img/p/1/1/3/5/1135-thickbox_default.jpg";
"106";"1";"Kettlebell Vinilo 6Kg";"15";"7554.621849";"53";"0";"KV06";"1";"https://pesaschile.cl/2/img/p/1/2/5/9/1259-thickbox_default.jpg";
"108";"1";"Kettlebell Vinilo 12Kg";"15";"13100.840336";"53";"0";"KV12";"1";"https://pesaschile.cl/2/img/p/1/1/3/8/1138-thickbox_default.jpg";
"108";"1";"Kettlebell Vinilo 12Kg";"15";"13100.840336";"53";"0";"KV12";"1";"https://pesaschile.cl/2/img/p/1/2/6/2/1262-thickbox_default.jpg";
"110";"1";"Kettlebell Acero 20Kg";"15";"31092.436975";"53";"0";"KA20";"1";"https://pesaschile.cl/2/img/p/1/8/2/182-thickbox_default.jpg";
"114";"1";"Kettlebell Vinilo 4Kg";"15";"4361.344538";"53";"0";"KV04";"1";"https://pesaschile.cl/2/img/p/1/8/6/186-thickbox_default.jpg";
"114";"1";"Kettlebell Vinilo 4Kg";"15";"4361.344538";"53";"0";"KV04";"1";"https://pesaschile.cl/2/img/p/1/2/5/8/1258-thickbox_default.jpg";
"115";"1";"Kettlebell Vinilo 10Kg";"15";"12596.638656";"53";"0";"KV10";"1";"https://pesaschile.cl/2/img/p/1/1/3/7/1137-thickbox_default.jpg";
"115";"1";"Kettlebell Vinilo 10Kg";"15";"12596.638656";"53";"0";"KV10";"1";"https://pesaschile.cl/2/img/p/1/2/6/1/1261-thickbox_default.jpg";
"117";"1";"Banquillo Abdominales Regulable Promachine";"2";"109235.294118";"53";"0";"MBAR";"1";"https://pesaschile.cl/2/img/p/6/6/7/667-thickbox_default.jpg";
"127";"1";"Balón Pilates 55 cm";"139";"6714.285714";"53";"0";"BP55";"1";"https://pesaschile.cl/2/img/p/1/1/2/0/1120-thickbox_default.jpg";
"128";"1";"Balón Pilates 65 cm";"2";"7554.621849";"53";"0";"BP65";"1";"https://pesaschile.cl/2/img/p/1/1/2/1/1121-thickbox_default.jpg";
"129";"1";"Balón Pilates 75 cm";"33";"8394.957983";"53";"0";"BP75";"1";"https://pesaschile.cl/2/img/p/1/1/2/2/1122-thickbox_default.jpg";
"130";"1";"Expander Tube Básico";"35";"4193.277311";"53";"0";"FIETB";"1";"https://pesaschile.cl/2/img/p/1/3/1/2/1312-thickbox_default.jpg";
"132";"1";"Expander Tube Reforzado";"35";"5873.949580";"53";"0";"FIETR";"1";"https://pesaschile.cl/2/img/p/1/3/1/3/1313-thickbox_default.jpg";
"133";"1";"Rodillera Mac David Protector";"33";"20159.663866";"53";"0";"";"1";"https://pesaschile.cl/2/img/p/1/5/1/9/1519-thickbox_default.jpg";
"135";"1";"Bosu";"35";"42008.403361";"53";"0";"B012";"1";"https://pesaschile.cl/2/img/p/1/7/8/7/1787-thickbox_default.jpg";
"135";"1";"Bosu";"35";"42008.403361";"53";"0";"B012";"1";"https://pesaschile.cl/2/img/p/1/7/8/9/1789-thickbox_default.jpg";
"135";"1";"Bosu";"35";"42008.403361";"53";"0";"B012";"1";"https://pesaschile.cl/2/img/p/1/7/9/0/1790-thickbox_default.jpg";
"136";"1";"Colchoneta";"2";"8394.957983";"53";"0";"FIC";"1";"https://pesaschile.cl/2/img/p/2/1/4/214-thickbox_default.jpg";
"142";"1";"Matt de Yoga";"35";"7554.621849";"53";"0";"FIM";"1";"https://pesaschile.cl/2/img/p/1/2/7/5/1275-thickbox_default.jpg";
"142";"1";"Matt de Yoga";"35";"7554.621849";"53";"0";"FIM";"1";"https://pesaschile.cl/2/img/p/1/2/7/6/1276-thickbox_default.jpg";
"142";"1";"Matt de Yoga";"35";"7554.621849";"53";"0";"FIM";"1";"https://pesaschile.cl/2/img/p/1/2/7/7/1277-thickbox_default.jpg";
"142";"1";"Matt de Yoga";"35";"7554.621849";"53";"0";"FIM";"1";"https://pesaschile.cl/2/img/p/1/2/7/8/1278-thickbox_default.jpg";
"144";"1";"Par Mancuerna PVC 1 Kg";"2";"3352.941176";"53";"0";"MP01";"1";"https://pesaschile.cl/2/img/p/1/1/8/1/1181-thickbox_default.jpg";
"145";"1";"Par Mancuerna PVC 1,5 Kg";"2";"5873.949580";"53";"0";"MP015";"1";"https://pesaschile.cl/2/img/p/1/1/7/7/1177-thickbox_default.jpg";
"146";"1";"Par Mancuerna PVC 2 Kg";"2";"6714.285714";"53";"0";"MP02";"1";"https://pesaschile.cl/2/img/p/1/1/7/8/1178-thickbox_default.jpg";
"147";"1";"Par Mancuerna PVC 2,5 Kg";"35";"10075.630252";"53";"0";"MP025";"1";"https://pesaschile.cl/2/img/p/1/1/7/9/1179-thickbox_default.jpg";
"148";"1";"Par Mancuerna PVC 3 Kg";"2";"11756.302521";"53";"0";"MP03";"1";"https://pesaschile.cl/2/img/p/1/1/8/0/1180-thickbox_default.jpg";
"149";"1";"Step Aeróbico ";"35";"14277.310924";"53";"0";"FISA";"1";"https://pesaschile.cl/2/img/p/2/3/4/234-thickbox_default.jpg";
"149";"1";"Step Aeróbico ";"35";"14277.310924";"53";"0";"FISA";"1";"https://pesaschile.cl/2/img/p/9/0/2/902-thickbox_default.jpg";
"149";"1";"Step Aeróbico ";"35";"14277.310924";"53";"0";"FISA";"1";"https://pesaschile.cl/2/img/p/9/0/3/903-thickbox_default.jpg";
"151";"1";"Set Balones Medicinales 31KG";"10";"96638.655462";"53";"0";"PBMP";"1";"https://pesaschile.cl/2/img/p/1/7/2/5/1725-thickbox_default.jpg";
"152";"1";"Bumpers plate + Barra olímpica Elite HWM";"2";"336126.050420";"53";"0";"PBH100";"1";"https://pesaschile.cl/2/img/p/7/0/9/709-thickbox_default.jpg";
"153";"1";"Set Bumpers plate 150kg. (320 Lb)";"61";"277310.924370";"53";"0";"PB150";"1";"https://pesaschile.cl/2/img/p/5/6/2/562-thickbox_default.jpg";
"153";"1";"Set Bumpers plate 150kg. (320 Lb)";"61";"277310.924370";"53";"0";"PB150";"1";"https://pesaschile.cl/2/img/p/1/0/8/0/1080-thickbox_default.jpg";
"160";"1";"Pack Acero Olímpico 107.5";"46";"142848.739496";"53";"0";"PAB";"1";"https://pesaschile.cl/2/img/p/6/5/0/650-thickbox_default.jpg";
"161";"1";"Pack Olímpico Engomado con Barra";"46";"168058.823529";"53";"0";"PEB";"1";"https://pesaschile.cl/2/img/p/1/3/4/4/1344-thickbox_default.jpg";
"164";"1";"Balón Medicinal Sin Bote 7kg";"2";"26042.016807";"53";"0";"BSB07";"1";"https://pesaschile.cl/2/img/p/1/1/6/1/1161-thickbox_default.jpg";
"166";"1";"Balón Medicinal Sin Bote 10kg";"2";"28563.025210";"53";"0";"BSB10";"1";"https://pesaschile.cl/2/img/p/1/1/6/2/1162-thickbox_default.jpg";
"167";"1";"Balón Medicinal Sin Bote 9kg";"139";"27722.689076";"53";"0";"BSB09";"1";"https://pesaschile.cl/2/img/p/1/1/6/3/1163-thickbox_default.jpg";
"168";"1";"Pesos Muñeca Tobillo 2,5kg(2 unidades)";"2";"8394.957983";"53";"0";"PM2.5";"1";"https://pesaschile.cl/2/img/p/7/1/3/713-thickbox_default.jpg";
"168";"1";"Pesos Muñeca Tobillo 2,5kg(2 unidades)";"2";"8394.957983";"53";"0";"PM2.5";"1";"https://pesaschile.cl/2/img/p/7/1/4/714-thickbox_default.jpg";
"170";"1";"Mancuerna Barbell 21.8 kg";"21";"26042.016807";"53";"0";"";"1";"https://pesaschile.cl/2/img/p/1/4/5/1/1451-thickbox_default.jpg";
"171";"1";"Mancuerna Barbell  5.8 kg";"21";"8563.025210";"53";"0";"";"1";"https://pesaschile.cl/2/img/p/1/4/5/2/1452-thickbox_default.jpg";
"172";"1";"Mancuerna Barbell 7.8 kg";"21";"10747.899160";"53";"0";"";"1";"https://pesaschile.cl/2/img/p/1/4/5/3/1453-thickbox_default.jpg";
"173";"1";"Mancuerna Barbell 9.8 kg";"21";"12932.773109";"53";"0";"";"1";"https://pesaschile.cl/2/img/p/1/4/5/4/1454-thickbox_default.jpg";
"174";"1";"Mancuerna Barbell 11.8 kg";"21";"15117.647059";"53";"0";"";"1";"https://pesaschile.cl/2/img/p/1/4/5/5/1455-thickbox_default.jpg";
"175";"1";"Mancuerna Barbell 13.8 kg";"21";"17302.521008";"53";"0";"";"1";"https://pesaschile.cl/2/img/p/1/4/5/6/1456-thickbox_default.jpg";
"176";"1";"Mancuerna Barbell 15.8 kg";"21";"19487.394958";"53";"0";"";"1";"https://pesaschile.cl/2/img/p/1/4/5/9/1459-thickbox_default.jpg";
"177";"1";"Mancuerna Barbell 16.8 kg";"21";"21000.000000";"53";"0";"";"1";"https://pesaschile.cl/2/img/p/1/4/5/8/1458-thickbox_default.jpg";
"178";"1";"Mancuerna Mastodonte 4.3 kg";"21";"6294.117647";"53";"0";"";"1";"https://pesaschile.cl/2/img/p/2/6/8/268-thickbox_default.jpg";
"178";"1";"Mancuerna Mastodonte 4.3 kg";"21";"6294.117647";"53";"0";"";"1";"https://pesaschile.cl/2/img/p/4/9/1/491-thickbox_default.jpg";
"179";"1";"Mancuerna Mastodonte 6.8 kg";"21";"8394.957983";"53";"0";"";"1";"https://pesaschile.cl/2/img/p/2/6/9/269-thickbox_default.jpg";
"179";"1";"Mancuerna Mastodonte 6.8 kg";"21";"8394.957983";"53";"0";"";"1";"https://pesaschile.cl/2/img/p/4/9/2/492-thickbox_default.jpg";
"180";"1";"Mancuerna Mastodonte 9.3kg";"21";"10495.798319";"53";"0";"";"1";"https://pesaschile.cl/2/img/p/2/7/0/270-thickbox_default.jpg";
"180";"1";"Mancuerna Mastodonte 9.3kg";"21";"10495.798319";"53";"0";"";"1";"https://pesaschile.cl/2/img/p/4/9/3/493-thickbox_default.jpg";
"181";"1";"Mancuerna Mastodonte 11.8kg";"2";"12596.638656";"53";"0";"";"1";"https://pesaschile.cl/2/img/p/2/7/1/271-thickbox_default.jpg";
"181";"1";"Mancuerna Mastodonte 11.8kg";"2";"12596.638656";"53";"0";"";"1";"https://pesaschile.cl/2/img/p/4/9/4/494-thickbox_default.jpg";
"182";"1";"Mancuerna Mastodonte 14.3kg";"21";"14697.478992";"53";"0";"";"1";"https://pesaschile.cl/2/img/p/2/7/2/272-thickbox_default.jpg";
"182";"1";"Mancuerna Mastodonte 14.3kg";"21";"14697.478992";"53";"0";"";"1";"https://pesaschile.cl/2/img/p/4/9/5/495-thickbox_default.jpg";
"183";"1";"Mancuerna Mastodonte 16.8 kg";"21";"16798.319328";"53";"0";"";"1";"https://pesaschile.cl/2/img/p/2/7/3/273-thickbox_default.jpg";
"183";"1";"Mancuerna Mastodonte 16.8 kg";"21";"16798.319328";"53";"0";"";"1";"https://pesaschile.cl/2/img/p/4/9/6/496-thickbox_default.jpg";
"184";"1";"Mancuerna Mastodonte 21.8 kg";"21";"21000.000000";"53";"0";"";"1";"https://pesaschile.cl/2/img/p/2/7/4/274-thickbox_default.jpg";
"184";"1";"Mancuerna Mastodonte 21.8 kg";"21";"21000.000000";"53";"0";"";"1";"https://pesaschile.cl/2/img/p/4/9/7/497-thickbox_default.jpg";
"190";"1";"Par Mancuerna Hexagonal HWM 5kg";"2";"16789.915966";"53";"0";"MH05";"1";"https://pesaschile.cl/2/img/p/1/1/4/5/1145-thickbox_default.jpg";
"191";"1";"Par Mancuerna Hexagonal HWM  10kg";"2";"33596.638656";"53";"0";"MH10";"1";"https://pesaschile.cl/2/img/p/1/1/4/6/1146-thickbox_default.jpg";
"192";"1";"Par Mancuerna Hexagonal HWM 15kg";"2";"50403.361345";"53";"0";"MH15";"1";"https://pesaschile.cl/2/img/p/1/1/4/7/1147-thickbox_default.jpg";
"193";"1";"Par Mancuerna Hexagonal HWM  20kg";"2";"67210.084034";"53";"0";"MH20";"1";"https://pesaschile.cl/2/img/p/1/1/4/8/1148-thickbox_default.jpg";
"194";"1";"Par Mancuerna Hexagonal HWM 25kg";"2";"84016.806723";"53";"0";"MH25";"1";"https://pesaschile.cl/2/img/p/1/1/4/9/1149-thickbox_default.jpg";
"195";"1";"Par Mancuerna Hexagonal HWM 30kg";"2";"100823.529412";"53";"0";"MH30";"1";"https://pesaschile.cl/2/img/p/1/3/2/3/1323-thickbox_default.jpg";
"196";"1";"Par Bumper Plate 20kg";"18";"78974.789916";"53";"0";"DOB20";"1";"https://pesaschile.cl/2/img/p/1/0/7/5/1075-thickbox_default.jpg";
"196";"1";"Par Bumper Plate 20kg";"18";"78974.789916";"53";"0";"DOB20";"1";"https://pesaschile.cl/2/img/p/1/0/7/6/1076-thickbox_default.jpg";
"197";"1";"Par Bumper Plate 25kg";"18";"92420.168067";"53";"0";"DOB25";"1";"https://pesaschile.cl/2/img/p/1/0/7/7/1077-thickbox_default.jpg";
"197";"1";"Par Bumper Plate 25kg";"18";"92420.168067";"53";"0";"DOB25";"1";"https://pesaschile.cl/2/img/p/1/0/7/8/1078-thickbox_default.jpg";
"198";"1";"Par Bumper Plate 15kg";"18";"53764.705882";"53";"0";"DOB15";"1";"https://pesaschile.cl/2/img/p/1/0/7/3/1073-thickbox_default.jpg";
"198";"1";"Par Bumper Plate 15kg";"18";"53764.705882";"53";"0";"DOB15";"1";"https://pesaschile.cl/2/img/p/1/0/7/4/1074-thickbox_default.jpg";
"199";"1";"Par Bumper Plate 5kg";"18";"30235.294118";"53";"0";"DOB05";"1";"https://pesaschile.cl/2/img/p/1/0/6/9/1069-thickbox_default.jpg";
"199";"1";"Par Bumper Plate 5kg";"18";"30235.294118";"53";"0";"DOB05";"1";"https://pesaschile.cl/2/img/p/1/0/7/0/1070-thickbox_default.jpg";
"200";"1";"Par Bumper Plate 10kg";"18";"40319.327731";"53";"0";"DOB10";"1";"https://pesaschile.cl/2/img/p/1/0/7/1/1071-thickbox_default.jpg";
"200";"1";"Par Bumper Plate 10kg";"18";"40319.327731";"53";"0";"DOB10";"1";"https://pesaschile.cl/2/img/p/1/0/7/2/1072-thickbox_default.jpg";
"202";"1";"Ab Mat";"33";"8394.957983";"53";"0";"FIAM";"1";"https://pesaschile.cl/2/img/p/1/1/1/9/1119-thickbox_default.jpg";
"203";"1";"Set de Tubos de Expansión";"35";"16798.319328";"53";"0";"SET";"1";"https://pesaschile.cl/2/img/p/1/1/4/2/1142-thickbox_default.jpg";
"205";"1";"Colchoneta de alto trafico";"2";"12596.638656";"53";"0";"FICL";"1";"https://pesaschile.cl/2/img/p/1/7/8/5/1785-thickbox_default.jpg";
"206";"1";"Rueda Abdominal";"2";"4193.277311";"53";"0";"FIRA";"1";"https://pesaschile.cl/2/img/p/1/3/5/4/1354-thickbox_default.jpg";
"210";"1";"Kettlebell Acero 24Kg";"2";"37310.924370";"53";"0";"KA24";"1";"https://pesaschile.cl/2/img/p/3/1/6/316-thickbox_default.jpg";
"211";"1";"Kettlebell Acero 28Kg";"2";"43529.411765";"53";"0";"KA28";"1";"https://pesaschile.cl/2/img/p/3/1/7/317-thickbox_default.jpg";
"212";"1";"Barra W Olímpica ";"26";"37806.722689";"53";"0";"BOW";"1";"https://pesaschile.cl/2/img/p/3/1/9/319-thickbox_default.jpg";
"213";"1";"Barra Romana Olímpica";"26";"33605.042017";"53";"1";"BORO";"1";"https://pesaschile.cl/2/img/p/3/2/0/320-thickbox_default.jpg";
"221";"1";"Discos Barbell 1 kg X 2UN ";"2";"2184.873950";"53";"0";"DPB01";"1";"https://pesaschile.cl/2/img/p/1/0/4/2/1042-thickbox_default.jpg";
"225";"1";"Mancuerna Barbell 26.8 kg";"21";"31504.201681";"53";"0";"";"1";"https://pesaschile.cl/2/img/p/1/4/5/7/1457-thickbox_default.jpg";
"226";"1";"Pack Iniciación Mastodonte ";"46";"46210.084034";"53";"0";"PMI";"1";"https://pesaschile.cl/2/img/p/4/0/3/403-thickbox_default.jpg";
"229";"1";"Barra Monster HWM 20KG";"26";"184865.546218";"53";"0";"BOMH";"1";"https://pesaschile.cl/2/img/p/1/5/5/0/1550-thickbox_default.jpg";
"229";"1";"Barra Monster HWM 20KG";"26";"184865.546218";"53";"0";"BOMH";"1";"https://pesaschile.cl/2/img/p/1/5/5/1/1551-thickbox_default.jpg";
"229";"1";"Barra Monster HWM 20KG";"26";"184865.546218";"53";"0";"BOMH";"1";"https://pesaschile.cl/2/img/p/1/5/5/2/1552-thickbox_default.jpg";
"229";"1";"Barra Monster HWM 20KG";"26";"184865.546218";"53";"0";"BOMH";"1";"https://pesaschile.cl/2/img/p/1/5/5/3/1553-thickbox_default.jpg";
"229";"1";"Barra Monster HWM 20KG";"26";"184865.546218";"53";"0";"BOMH";"1";"https://pesaschile.cl/2/img/p/1/5/5/4/1554-thickbox_default.jpg";
"229";"1";"Barra Monster HWM 20KG";"26";"184865.546218";"53";"0";"BOMH";"1";"https://pesaschile.cl/2/img/p/1/5/5/5/1555-thickbox_default.jpg";
"229";"1";"Barra Monster HWM 20KG";"26";"184865.546218";"53";"0";"BOMH";"1";"https://pesaschile.cl/2/img/p/1/5/5/6/1556-thickbox_default.jpg";
"231";"1";"Set Bumpers plate 100kg. (220 lb)";"61";"189075.630252";"53";"0";"PB100";"1";"https://pesaschile.cl/2/img/p/5/6/1/561-thickbox_default.jpg";
"231";"1";"Set Bumpers plate 100kg. (220 lb)";"61";"189075.630252";"53";"0";"PB100";"1";"https://pesaschile.cl/2/img/p/1/0/7/9/1079-thickbox_default.jpg";
"232";"1";"Par Disco Mastodonte 10Kg";"32";"16806.722689";"53";"0";"DPM10";"1";"https://pesaschile.cl/2/img/p/4/1/2/412-thickbox_default.jpg";
"233";"1";"Chaleco de lastre 5kg";"2";"21000.000000";"53";"0";"CL05";"1";"https://pesaschile.cl/2/img/p/4/0/7/407-thickbox_default.jpg";
"234";"1";"Jaula de Potencia";"2";"210075.630252";"53";"0";"PK001";"1";"https://pesaschile.cl/2/img/p/8/3/3/833-thickbox_default.jpg";
"235";"1";"Pack Lentejas 50 unidades";"13";"16798.319328";"53";"0";"FIL";"1";"https://pesaschile.cl/2/img/p/4/1/3/413-thickbox_default.jpg";
"237";"1";"Pack Hard Mastodonte ";"46";"71420.168067";"53";"0";"PMH";"1";"https://pesaschile.cl/2/img/p/4/1/5/415-thickbox_default.jpg";
"240";"1";"Vallas de entrenamiento";"2";"3352.941176";"53";"0";"";"1";"https://pesaschile.cl/2/img/p/4/1/7/417-thickbox_default.jpg";
"241";"1";"Pack Barra Training +170LB Crumb HWM";"26";"302512.605042";"53";"0";"PDOCT";"1";"https://pesaschile.cl/2/img/p/1/3/4/7/1347-thickbox_default.jpg";
"242";"1";"Cinturon lumbar HWM";"26";"21000.000000";"53";"0";"CLH";"1";"https://pesaschile.cl/2/img/p/6/3/1/631-thickbox_default.jpg";
"247";"1";"Máquina de Smith";"2";"420159.663866";"53";"0";"PK007";"1";"https://pesaschile.cl/2/img/p/4/3/1/431-thickbox_default.jpg";
"247";"1";"Máquina de Smith";"2";"420159.663866";"53";"0";"PK007";"1";"https://pesaschile.cl/2/img/p/5/7/2/572-thickbox_default.jpg";
"247";"1";"Máquina de Smith";"2";"420159.663866";"53";"0";"PK007";"1";"https://pesaschile.cl/2/img/p/5/7/3/573-thickbox_default.jpg";
"248";"1";"Atril de sentadillas Promachine";"2";"67218.487395";"53";"0";"RA033R";"1";"https://pesaschile.cl/2/img/p/1/7/3/6/1736-thickbox_default.jpg";
"248";"1";"Atril de sentadillas Promachine";"2";"67218.487395";"53";"0";"RA033R";"1";"https://pesaschile.cl/2/img/p/1/7/3/7/1737-thickbox_default.jpg";
"248";"1";"Atril de sentadillas Promachine";"2";"67218.487395";"53";"0";"RA033R";"1";"https://pesaschile.cl/2/img/p/1/7/3/8/1738-thickbox_default.jpg";
"248";"1";"Atril de sentadillas Promachine";"2";"67218.487395";"53";"0";"RA033R";"1";"https://pesaschile.cl/2/img/p/1/7/3/9/1739-thickbox_default.jpg";
"248";"1";"Atril de sentadillas Promachine";"2";"67218.487395";"53";"0";"RA033R";"1";"https://pesaschile.cl/2/img/p/1/7/4/0/1740-thickbox_default.jpg";
"249";"1";"Polea Cruzada JR";"2";"168058.823529";"53";"0";"PM030J";"1";"https://pesaschile.cl/2/img/p/1/5/1/1/1511-thickbox_default.jpg";
"250";"1";"Banquillo inclinable declinable HWM";"13";"159655.462185";"53";"0";"SUB018";"1";"https://pesaschile.cl/2/img/p/4/3/4/434-thickbox_default.jpg";
"250";"1";"Banquillo inclinable declinable HWM";"13";"159655.462185";"53";"0";"SUB018";"1";"https://pesaschile.cl/2/img/p/4/5/5/455-thickbox_default.jpg";
"254";"1";"Hand Grip Regulable Pro";"2";"6714.285714";"53";"0";"HG6";"1";"https://pesaschile.cl/2/img/p/1/2/7/0/1270-thickbox_default.jpg";
"254";"1";"Hand Grip Regulable Pro";"2";"6714.285714";"53";"0";"HG6";"1";"https://pesaschile.cl/2/img/p/1/2/7/1/1271-thickbox_default.jpg";
"256";"1";"Body-Pump set Profesional";"46";"42008.403361";"53";"0";"SBP";"1";"https://pesaschile.cl/2/img/p/1/6/4/1/1641-thickbox_default.jpg";
"256";"1";"Body-Pump set Profesional";"46";"42008.403361";"53";"0";"SBP";"1";"https://pesaschile.cl/2/img/p/1/6/4/2/1642-thickbox_default.jpg";
"259";"1";"Barra Olímpica 1.5 mt";"2";"33605.042017";"53";"0";"BORC";"1";"https://pesaschile.cl/2/img/p/4/4/7/447-thickbox_default.jpg";
"263";"1";"Barras Paralelas 70cm";"2";"33605.042017";"53";"0";"P70";"1";"https://pesaschile.cl/2/img/p/5/0/1/501-thickbox_default.jpg";
"264";"1";"Barras Paralelas Cortas 17 cm";"13";"21000.000000";"53";"0";"P40";"1";"https://pesaschile.cl/2/img/p/1/5/9/2/1592-thickbox_default.jpg";
"265";"1";"orilla de caucho";"2";"2512.605042";"53";"0";"";"1";"";
"267";"1";"RACK + 8 PAR MANCUERNA";"2";"403352.941176";"53";"0";"RH08";"1";"https://pesaschile.cl/2/img/p/1/6/5/0/1650-thickbox_default.jpg";
"267";"1";"RACK + 8 PAR MANCUERNA";"2";"403352.941176";"53";"0";"RH08";"1";"https://pesaschile.cl/2/img/p/1/6/5/1/1651-thickbox_default.jpg";
"269";"1";"Half Power Rack HWM";"8";"201672.268908";"53";"0";"PK041";"1";"https://pesaschile.cl/2/img/p/4/5/9/459-thickbox_default.jpg";
"269";"1";"Half Power Rack HWM";"8";"201672.268908";"53";"0";"PK041";"1";"https://pesaschile.cl/2/img/p/5/7/4/574-thickbox_default.jpg";
"269";"1";"Half Power Rack HWM";"8";"201672.268908";"53";"0";"PK041";"1";"https://pesaschile.cl/2/img/p/5/7/5/575-thickbox_default.jpg";
"270";"1";"GHD HWM";"2";"235285.714286";"53";"0";"MGHDH";"1";"https://pesaschile.cl/2/img/p/8/3/8/838-thickbox_default.jpg";
"271";"1";"Rep Timer";"2";"142848.739496";"53";"0";"RT";"1";"https://pesaschile.cl/2/img/p/1/0/3/9/1039-thickbox_default.jpg";
"273";"1";"Cuerda de trepar Yute ";"2";"42008.403361";"53";"0";"CY";"1";"https://pesaschile.cl/2/img/p/7/2/1/721-thickbox_default.jpg";
"273";"1";"Cuerda de trepar Yute ";"2";"42008.403361";"53";"0";"CY";"1";"https://pesaschile.cl/2/img/p/7/2/2/722-thickbox_default.jpg";
"273";"1";"Cuerda de trepar Yute ";"2";"42008.403361";"53";"0";"CY";"1";"https://pesaschile.cl/2/img/p/7/2/3/723-thickbox_default.jpg";
"274";"1";"Cuerda Battle Rope";"2";"42008.403361";"53";"0";"CBR";"1";"https://pesaschile.cl/2/img/p/7/3/1/731-thickbox_default.jpg";
"274";"1";"Cuerda Battle Rope";"2";"42008.403361";"53";"0";"CBR";"1";"https://pesaschile.cl/2/img/p/7/3/2/732-thickbox_default.jpg";
"274";"1";"Cuerda Battle Rope";"2";"42008.403361";"53";"0";"CBR";"1";"https://pesaschile.cl/2/img/p/7/3/3/733-thickbox_default.jpg";
"274";"1";"Cuerda Battle Rope";"2";"42008.403361";"53";"0";"CBR";"1";"https://pesaschile.cl/2/img/p/7/3/4/734-thickbox_default.jpg";
"275";"1";"Anillas olimpicas Madera";"2";"25201.680672";"53";"0";"BSA2";"1";"https://pesaschile.cl/2/img/p/4/6/6/466-thickbox_default.jpg";
"275";"1";"Anillas olimpicas Madera";"2";"25201.680672";"53";"0";"BSA2";"1";"https://pesaschile.cl/2/img/p/7/2/4/724-thickbox_default.jpg";
"275";"1";"Anillas olimpicas Madera";"2";"25201.680672";"53";"0";"BSA2";"1";"https://pesaschile.cl/2/img/p/7/2/5/725-thickbox_default.jpg";
"275";"1";"Anillas olimpicas Madera";"2";"25201.680672";"53";"0";"BSA2";"1";"https://pesaschile.cl/2/img/p/7/2/6/726-thickbox_default.jpg";
"275";"1";"Anillas olimpicas Madera";"2";"25201.680672";"53";"0";"BSA2";"1";"https://pesaschile.cl/2/img/p/7/2/7/727-thickbox_default.jpg";
"275";"1";"Anillas olimpicas Madera";"2";"25201.680672";"53";"0";"BSA2";"1";"https://pesaschile.cl/2/img/p/7/2/8/728-thickbox_default.jpg";
"276";"1";"Power Pack Acero";"26";"378142.857143";"53";"0";"PPPA";"1";"https://pesaschile.cl/2/img/p/1/7/2/8/1728-thickbox_default.jpg";
"282";"1";"Bicicleta Sp2 Promachine";"34";"151252.100840";"53";"0";"SP2P";"1";"https://pesaschile.cl/2/img/p/1/4/2/3/1423-thickbox_default.jpg";
"283";"1";"Balón Medicinal Sin Bote  5kg";"2";"24361.344538";"53";"0";"BSB05";"1";"https://pesaschile.cl/2/img/p/1/1/6/4/1164-thickbox_default.jpg";
"284";"1";"Pack Smith Machine + banquillo + Engomados";"2";"663857.142857";"53";"0";"PSBE";"1";"https://pesaschile.cl/2/img/p/1/4/2/0/1420-thickbox_default.jpg";
"285";"1";"Par D.Acero Olimpicos 1,25Kg ";"18";"2672.268908";"53";"0";"DOA0125";"1";"https://pesaschile.cl/2/img/p/4/8/4/484-thickbox_default.jpg";
"285";"1";"Par D.Acero Olimpicos 1,25Kg ";"18";"2672.268908";"53";"0";"DOA0125";"1";"https://pesaschile.cl/2/img/p/6/3/2/632-thickbox_default.jpg";
"286";"1";"Calleras";"8";"8394.957983";"53";"0";"CA";"1";"https://pesaschile.cl/2/img/p/1/1/6/8/1168-thickbox_default.jpg";
"288";"1";"Par Mancuerna Hexagonal HWM 22.5kg";"2";"75613.445378";"53";"0";"MH225";"1";"https://pesaschile.cl/2/img/p/1/1/5/0/1150-thickbox_default.jpg";
"289";"1";"Atril de discos Olímpicos";"2";"138647.058824";"53";"0";"ADO";"1";"https://pesaschile.cl/2/img/p/5/0/0/500-thickbox_default.jpg";
"290";"1";"Toma una Mano para Poleas";"2";"12596.638656";"53";"0";"TMP";"1";"https://pesaschile.cl/2/img/p/5/0/3/503-thickbox_default.jpg";
"291";"1";"Toma Remo para Polea";"2";"16798.319328";"53";"0";"TRP";"1";"https://pesaschile.cl/2/img/p/1/1/6/7/1167-thickbox_default.jpg";
"292";"1";"Soga para tríceps/biceps";"2";"16798.319328";"53";"0";"STB";"1";"https://pesaschile.cl/2/img/p/5/0/4/504-thickbox_default.jpg";
"292";"1";"Soga para tríceps/biceps";"2";"16798.319328";"53";"0";"STB";"1";"https://pesaschile.cl/2/img/p/7/8/5/785-thickbox_default.jpg";
"292";"1";"Soga para tríceps/biceps";"2";"16798.319328";"53";"0";"STB";"1";"https://pesaschile.cl/2/img/p/7/8/6/786-thickbox_default.jpg";
"293";"1";"Barra Training Serie 20kg HWM";"2";"117638.655462";"53";"0";"BORT";"1";"https://pesaschile.cl/2/img/p/1/5/2/6/1526-thickbox_default.jpg";
"293";"1";"Barra Training Serie 20kg HWM";"2";"117638.655462";"53";"0";"BORT";"1";"https://pesaschile.cl/2/img/p/1/5/2/7/1527-thickbox_default.jpg";
"293";"1";"Barra Training Serie 20kg HWM";"2";"117638.655462";"53";"0";"BORT";"1";"https://pesaschile.cl/2/img/p/1/5/2/8/1528-thickbox_default.jpg";
"293";"1";"Barra Training Serie 20kg HWM";"2";"117638.655462";"53";"0";"BORT";"1";"https://pesaschile.cl/2/img/p/1/5/5/7/1557-thickbox_default.jpg";
"293";"1";"Barra Training Serie 20kg HWM";"2";"117638.655462";"53";"0";"BORT";"1";"https://pesaschile.cl/2/img/p/1/5/5/8/1558-thickbox_default.jpg";
"293";"1";"Barra Training Serie 20kg HWM";"2";"117638.655462";"53";"0";"BORT";"1";"https://pesaschile.cl/2/img/p/1/5/5/9/1559-thickbox_default.jpg";
"294";"1";"Speed Rope HWM";"33";"3352.941176";"53";"0";"CSSRH";"1";"https://pesaschile.cl/2/img/p/1/1/6/6/1166-thickbox_default.jpg";
"294";"1";"Speed Rope HWM";"33";"3352.941176";"53";"0";"CSSRH";"1";"https://pesaschile.cl/2/img/p/1/3/2/6/1326-thickbox_default.jpg";
"294";"1";"Speed Rope HWM";"33";"3352.941176";"53";"0";"CSSRH";"1";"https://pesaschile.cl/2/img/p/1/4/3/3/1433-thickbox_default.jpg";
"294";"1";"Speed Rope HWM";"33";"3352.941176";"53";"0";"CSSRH";"1";"https://pesaschile.cl/2/img/p/1/4/3/4/1434-thickbox_default.jpg";
"294";"1";"Speed Rope HWM";"33";"3352.941176";"53";"0";"CSSRH";"1";"https://pesaschile.cl/2/img/p/1/4/3/5/1435-thickbox_default.jpg";
"294";"1";"Speed Rope HWM";"33";"3352.941176";"53";"0";"CSSRH";"1";"https://pesaschile.cl/2/img/p/1/4/3/6/1436-thickbox_default.jpg";
"295";"1";"Almohadilla Para Barra";"8";"8394.957983";"53";"0";"HB";"1";"https://pesaschile.cl/2/img/p/1/1/5/8/1158-thickbox_default.jpg";
"298";"1";"Par Mancuerna Hexagonal HWM 2,5kg";"2";"8386.554622";"53";"0";"MH025";"1";"https://pesaschile.cl/2/img/p/1/1/5/1/1151-thickbox_default.jpg";
"299";"1";"Par Mancuerna Hexagonal HWM 7.5kg";"2";"25193.277311";"53";"0";"MH075";"1";"https://pesaschile.cl/2/img/p/1/1/5/2/1152-thickbox_default.jpg";
"300";"1";"ParMancuerna Hexagonal HWM 12.5kg";"2";"42000.000000";"53";"0";"MH125";"1";"https://pesaschile.cl/2/img/p/1/1/5/3/1153-thickbox_default.jpg";
"301";"1";"Par Mancuerna Hexagonal HWM 17.5kg";"2";"58806.722689";"53";"0";"MH175";"1";"https://pesaschile.cl/2/img/p/1/1/5/4/1154-thickbox_default.jpg";
"302";"1";"Press Banco Preolímpico Regulable Promachine";"2";"67218.487395";"53";"0";"BN025";"1";"https://pesaschile.cl/2/img/p/5/6/4/564-thickbox_default.jpg";
"303";"1";"Banquillo Simple HWM ";"2";"55453.781513";"53";"0";"SUB013";"1";"https://pesaschile.cl/2/img/p/5/2/5/525-thickbox_default.jpg";
"304";"1";"Polea Alta / Remo Promachine";"2";"252092.436975";"53";"0";"HM020";"1";"https://pesaschile.cl/2/img/p/5/2/6/526-thickbox_default.jpg";
"306";"1";"Remo Contrapeso Promachine";"2";"204193.277311";"53";"0";"MRC";"1";"https://pesaschile.cl/2/img/p/5/2/8/528-thickbox_default.jpg";
"308";"1";"Banco Scott Promachine";"2";"134445.378151";"53";"0";"UB006";"1";"https://pesaschile.cl/2/img/p/5/3/0/530-thickbox_default.jpg";
"309";"1";"Pack Acero Olimpico 107.5kg ";"46";"109235.294118";"53";"0";"PA";"1";"https://pesaschile.cl/2/img/p/1/2/5/4/1254-thickbox_default.jpg";
"310";"1";"Power Pro Pack Engomado";"32";"420159.663866";"53";"0";"PPPE";"1";"https://pesaschile.cl/2/img/p/1/7/3/0/1730-thickbox_default.jpg";
"311";"1";"Toma Abierta para Dominada";"2";"25201.680672";"53";"0";"TAD";"1";"https://pesaschile.cl/2/img/p/5/6/6/566-thickbox_default.jpg";
"312";"1";"Muñequeras";"41";"5033.613445";"53";"0";"M";"1";"https://pesaschile.cl/2/img/p/1/1/3/9/1139-thickbox_default.jpg";
"313";"1";"Barra Profesional Elite Serie 20kg  HWM";"2";"151252.100840";"53";"0";"BOEH";"1";"https://pesaschile.cl/2/img/p/1/5/2/0/1520-thickbox_default.jpg";
"313";"1";"Barra Profesional Elite Serie 20kg  HWM";"2";"151252.100840";"53";"0";"BOEH";"1";"https://pesaschile.cl/2/img/p/1/5/2/1/1521-thickbox_default.jpg";
"313";"1";"Barra Profesional Elite Serie 20kg  HWM";"2";"151252.100840";"53";"0";"BOEH";"1";"https://pesaschile.cl/2/img/p/1/5/2/2/1522-thickbox_default.jpg";
"313";"1";"Barra Profesional Elite Serie 20kg  HWM";"2";"151252.100840";"53";"0";"BOEH";"1";"https://pesaschile.cl/2/img/p/1/5/6/3/1563-thickbox_default.jpg";
"313";"1";"Barra Profesional Elite Serie 20kg  HWM";"2";"151252.100840";"53";"0";"BOEH";"1";"https://pesaschile.cl/2/img/p/1/5/6/4/1564-thickbox_default.jpg";
"313";"1";"Barra Profesional Elite Serie 20kg  HWM";"2";"151252.100840";"53";"0";"BOEH";"1";"https://pesaschile.cl/2/img/p/1/5/6/5/1565-thickbox_default.jpg";
"314";"1";"RACK + 10 PAR MANCUERNAS";"2";"546210.084034";"53";"0";"RH10";"1";"https://pesaschile.cl/2/img/p/1/6/4/7/1647-thickbox_default.jpg";
"314";"1";"RACK + 10 PAR MANCUERNAS";"2";"546210.084034";"53";"0";"RH10";"1";"https://pesaschile.cl/2/img/p/1/6/4/8/1648-thickbox_default.jpg";
"316";"1";"Barra Hexagonal HWM Olímpica";"2";"109235.294118";"53";"0";"BOH";"1";"https://pesaschile.cl/2/img/p/1/1/6/0/1160-thickbox_default.jpg";
"317";"1";"SandBag 20kg HWM";"2";"28563.025210";"53";"0";"SB20";"1";"https://pesaschile.cl/2/img/p/1/7/7/0/1770-thickbox_default.jpg";
"318";"1";"SandBag 10kg HWM";"2";"25201.680672";"53";"0";"SB10";"1";"https://pesaschile.cl/2/img/p/1/7/7/1/1771-thickbox_default.jpg";
"319";"1";"SandBag 15kg HWM";"2";"26882.352941";"53";"0";"SB15";"1";"https://pesaschile.cl/2/img/p/1/7/7/2/1772-thickbox_default.jpg";
"320";"1";"SandBag 25kg HWM";"2";"29403.361345";"53";"0";"SBS25";"1";"https://pesaschile.cl/2/img/p/6/1/7/617-thickbox_default.jpg";
"320";"1";"SandBag 25kg HWM";"2";"29403.361345";"53";"0";"SBS25";"1";"https://pesaschile.cl/2/img/p/6/1/8/618-thickbox_default.jpg";
"321";"1";"Set SandBag HWM";"61";"100840.336134";"53";"0";"PSB";"1";"https://pesaschile.cl/2/img/p/1/7/6/9/1769-thickbox_default.jpg";
"322";"1";"Foam Roller";"35";"12596.638656";"53";"0";"FR";"1";"https://pesaschile.cl/2/img/p/6/2/2/622-thickbox_default.jpg";
"323";"1";"Banda de Resistencia 13mm";"8";"6714.285714";"53";"0";"BC13";"1";"https://pesaschile.cl/2/img/p/1/1/6/9/1169-thickbox_default.jpg";
"324";"1";"Banda de Resistencia 22mm";"8";"8394.957983";"53";"0";"BC22";"1";"https://pesaschile.cl/2/img/p/1/1/7/0/1170-thickbox_default.jpg";
"325";"1";"Banda de Resistencia 32mm";"8";"12596.638656";"53";"0";"BC32";"1";"https://pesaschile.cl/2/img/p/1/1/7/1/1171-thickbox_default.jpg";
"326";"1";"Banda de Resistencia 45mm";"8";"16798.319328";"53";"0";"BC45";"1";"https://pesaschile.cl/2/img/p/1/1/7/2/1172-thickbox_default.jpg";
"327";"1";"Pack Bandas de Resistencia";"20";"37815.126050";"53";"0";"BC100";"1";"https://pesaschile.cl/2/img/p/1/1/7/3/1173-thickbox_default.jpg";
"328";"1";"Par Mancuerna Hexagonal 35kg";"22";"117630.252101";"53";"0";"MH35";"1";"https://pesaschile.cl/2/img/p/1/3/2/5/1325-thickbox_default.jpg";
"329";"1";"Kettlebell Vinilo Acero 4Kg";"2";"5873.949580";"53";"0";"KVA04";"1";"https://pesaschile.cl/2/img/p/1/2/8/2/1282-thickbox_default.jpg";
"330";"1";"Kettlebell Vinilo Acero 8Kg";"2";"11756.302521";"53";"0";"KVA08";"1";"https://pesaschile.cl/2/img/p/1/1/3/1/1131-thickbox_default.jpg";
"332";"1";"Kettlebell Vinilo Acero 12Kg";"2";"17638.655462";"53";"0";"KVA12";"1";"https://pesaschile.cl/2/img/p/1/1/3/2/1132-thickbox_default.jpg";
"333";"1";"Kettlebell Vinilo Acero 16Kg";"2";"23521.008403";"53";"0";"KVA16";"1";"https://pesaschile.cl/2/img/p/1/5/1/8/1518-thickbox_default.jpg";
"334";"1";"Kettlebell Vinilo Acero 10Kg";"2";"15546.218487";"53";"0";"KVA10";"1";"https://pesaschile.cl/2/img/p/1/1/3/4/1134-thickbox_default.jpg";
"335";"1";"Press Banco Olímpico Regulable con Soporte de Sentadillas";"2";"168058.823529";"53";"0";"PPO";"1";"https://pesaschile.cl/2/img/p/1/3/2/2/1322-thickbox_default.jpg";
"337";"1";"Pack Press Banco con Barra y Discos";"46";"336126.050420";"53";"0";"PPBD";"1";"https://pesaschile.cl/2/img/p/1/3/4/5/1345-thickbox_default.jpg";
"338";"1";"Pantorrillera Promachine";"2";"168058.823529";"53";"0";"SUB038";"1";"https://pesaschile.cl/2/img/p/6/6/2/662-thickbox_default.jpg";
"340";"1";"Bicicleta Spinning  OBELIX";"34";"294109.243697";"53";"0";"SPO";"1";"https://pesaschile.cl/2/img/p/1/4/2/4/1424-thickbox_default.jpg";
"341";"1";"X Mount";"2";"8394.957983";"53";"0";"TRX00";"1";"https://pesaschile.cl/2/img/p/7/3/9/739-thickbox_default.jpg";
"341";"1";"X Mount";"2";"8394.957983";"53";"0";"TRX00";"1";"https://pesaschile.cl/2/img/p/7/4/0/740-thickbox_default.jpg";
"341";"1";"X Mount";"2";"8394.957983";"53";"0";"TRX00";"1";"https://pesaschile.cl/2/img/p/7/4/1/741-thickbox_default.jpg";
"341";"1";"X Mount";"2";"8394.957983";"53";"0";"TRX00";"1";"https://pesaschile.cl/2/img/p/7/4/2/742-thickbox_default.jpg";
"342";"1";"Rack Dominadas Promachine";"2";"210075.630252";"53";"0";"PK020";"1";"https://pesaschile.cl/2/img/p/6/6/9/669-thickbox_default.jpg";
"343";"1";"Jaula HWM profesional Hell Serie";"8";"336126.050420";"53";"0";"MJHWM2";"1";"https://pesaschile.cl/2/img/p/1/2/4/1/1241-thickbox_default.jpg";
"344";"1";"Banquillo Inclinable Declinable Hell Serie HWM";"2";"151252.100840";"53";"0";"MBDR";"1";"https://pesaschile.cl/2/img/p/6/7/1/671-thickbox_default.jpg";
"345";"1";"Trineo de arrastre HWM";"2";"100831.932773";"53";"0";"";"1";"https://pesaschile.cl/2/img/p/6/7/2/672-thickbox_default.jpg";
"348";"1";"Foam Roller HWM";"33";"13436.974790";"53";"0";"FR2";"1";"https://pesaschile.cl/2/img/p/1/2/0/6/1206-thickbox_default.jpg";
"350";"1";"Press de Hombro MO";"55";"756294.117647";"53";"0";"MO-2700";"1";"https://pesaschile.cl/2/img/p/1/5/9/7/1597-thickbox_default.jpg";
"351";"1";"Cubo Magnesio 56gr";"2";"1672.268908";"53";"0";"CMG";"1";"https://pesaschile.cl/2/img/p/1/0/4/8/1048-thickbox_default.jpg";
"357";"1";"Press de Tríceps MO";"55";"756294.117647";"53";"0";"MO-2600";"1";"https://pesaschile.cl/2/img/p/1/6/0/3/1603-thickbox_default.jpg";
"358";"1";"Polea Cruzada MO";"55";"1008394.957980";"53";"0";"MO-6500";"1";"https://pesaschile.cl/2/img/p/1/6/1/2/1612-thickbox_default.jpg";
"359";"1";"Press Banco Plano MO";"2";"294109.243697";"53";"0";"MO-4000";"1";"https://pesaschile.cl/2/img/p/1/7/3/4/1734-thickbox_default.jpg";
"360";"1";"Press Banco Inclinado MO";"55";"336126.050420";"53";"0";"MO-4100";"1";"https://pesaschile.cl/2/img/p/1/6/0/0/1600-thickbox_default.jpg";
"360";"1";"Press Banco Inclinado MO";"55";"336126.050420";"53";"0";"MO-4100";"1";"https://pesaschile.cl/2/img/p/1/6/2/7/1627-thickbox_default.jpg";
"362";"1";"Aperturas MO";"55";"756294.117647";"53";"0";"MO-4800";"1";"https://pesaschile.cl/2/img/p/1/6/2/0/1620-thickbox_default.jpg";
"363";"1";"TRX Force Kit Tactical";"20";"42008.403361";"53";"0";"TRXC";"1";"https://pesaschile.cl/2/img/p/8/0/0/800-thickbox_default.jpg";
"364";"1";"TRX PRO Kit";"2";"42008.403361";"53";"0";"TRXA";"1";"https://pesaschile.cl/2/img/p/8/0/1/801-thickbox_default.jpg";
"366";"1";"Atril de Sentadillas MO";"55";"336126.050420";"53";"0";"MO-5300";"1";"https://pesaschile.cl/2/img/p/1/7/2/6/1726-thickbox_default.jpg";
"369";"1";"Curl Femoral Sentado MO";"55";"672260.504202";"53";"0";"MO-5600";"1";"https://pesaschile.cl/2/img/p/1/6/2/1/1621-thickbox_default.jpg";
"372";"1";"Dip Horn Rig HWM";"2";"58815.126050";"53";"0";"SF";"1";"https://pesaschile.cl/2/img/p/8/1/7/817-thickbox_default.jpg";
"373";"1";"Par Spotter Arm Rig HWM";"2";"75621.848740";"53";"0";"SS";"1";"https://pesaschile.cl/2/img/p/8/1/6/816-thickbox_default.jpg";
"374";"1";"Multi Grip X HWM";"2";"50411.764706";"53";"0";"BFM";"1";"https://pesaschile.cl/2/img/p/8/1/8/818-thickbox_default.jpg";
"378";"1";"Pack Hell Crossfit";"23";"756294.117647";"53";"0";"PHC";"1";"https://pesaschile.cl/2/img/p/1/7/4/3/1743-thickbox_default.jpg";
"379";"1";"Bumpers plate + Barra olímpica  HWM";"2";"420159.663866";"53";"0";"PBH150";"1";"https://pesaschile.cl/2/img/p/8/8/3/883-thickbox_default.jpg";
"380";"1";"Bumpers plate 100kg + Barra T-Serie HWM";"2";"302521.008403";"53";"0";"PBTH100";"1";"https://pesaschile.cl/2/img/p/8/8/4/884-thickbox_default.jpg";
"380";"1";"Bumpers plate 100kg + Barra T-Serie HWM";"2";"302521.008403";"53";"0";"PBTH100";"1";"https://pesaschile.cl/2/img/p/8/8/5/885-thickbox_default.jpg";
"380";"1";"Bumpers plate 100kg + Barra T-Serie HWM";"2";"302521.008403";"53";"0";"PBTH100";"1";"https://pesaschile.cl/2/img/p/8/9/2/892-thickbox_default.jpg";
"380";"1";"Bumpers plate 100kg + Barra T-Serie HWM";"2";"302521.008403";"53";"0";"PBTH100";"1";"https://pesaschile.cl/2/img/p/8/9/9/899-thickbox_default.jpg";
"381";"1";"Bumpers plate 150kg + Barra T-Serie olímpica HWM";"2";"394957.983193";"53";"0";"PBTH150";"1";"https://pesaschile.cl/2/img/p/8/8/7/887-thickbox_default.jpg";
"381";"1";"Bumpers plate 150kg + Barra T-Serie olímpica HWM";"2";"394957.983193";"53";"0";"PBTH150";"1";"https://pesaschile.cl/2/img/p/8/8/8/888-thickbox_default.jpg";
"381";"1";"Bumpers plate 150kg + Barra T-Serie olímpica HWM";"2";"394957.983193";"53";"0";"PBTH150";"1";"https://pesaschile.cl/2/img/p/8/9/3/893-thickbox_default.jpg";
"381";"1";"Bumpers plate 150kg + Barra T-Serie olímpica HWM";"2";"394957.983193";"53";"0";"PBTH150";"1";"https://pesaschile.cl/2/img/p/9/0/0/900-thickbox_default.jpg";
"382";"1";"Bumpers plate 60kg + Barra T-Serie olímpica HWM";"2";"235285.714286";"53";"0";"PBT";"1";"https://pesaschile.cl/2/img/p/8/9/6/896-thickbox_default.jpg";
"382";"1";"Bumpers plate 60kg + Barra T-Serie olímpica HWM";"2";"235285.714286";"53";"0";"PBT";"1";"https://pesaschile.cl/2/img/p/8/9/7/897-thickbox_default.jpg";
"382";"1";"Bumpers plate 60kg + Barra T-Serie olímpica HWM";"2";"235285.714286";"53";"0";"PBT";"1";"https://pesaschile.cl/2/img/p/8/9/8/898-thickbox_default.jpg";
"382";"1";"Bumpers plate 60kg + Barra T-Serie olímpica HWM";"2";"235285.714286";"53";"0";"PBT";"1";"https://pesaschile.cl/2/img/p/9/0/1/901-thickbox_default.jpg";
"383";"1";"Barra Profesional Elite  Serie 15KG HWM";"2";"151252.100840";"53";"0";"BOEM";"1";"https://pesaschile.cl/2/img/p/1/5/2/3/1523-thickbox_default.jpg";
"383";"1";"Barra Profesional Elite  Serie 15KG HWM";"2";"151252.100840";"53";"0";"BOEM";"1";"https://pesaschile.cl/2/img/p/1/5/2/4/1524-thickbox_default.jpg";
"383";"1";"Barra Profesional Elite  Serie 15KG HWM";"2";"151252.100840";"53";"0";"BOEM";"1";"https://pesaschile.cl/2/img/p/1/5/2/5/1525-thickbox_default.jpg";
"383";"1";"Barra Profesional Elite  Serie 15KG HWM";"2";"151252.100840";"53";"0";"BOEM";"1";"https://pesaschile.cl/2/img/p/1/5/6/6/1566-thickbox_default.jpg";
"383";"1";"Barra Profesional Elite  Serie 15KG HWM";"2";"151252.100840";"53";"0";"BOEM";"1";"https://pesaschile.cl/2/img/p/1/5/6/7/1567-thickbox_default.jpg";
"383";"1";"Barra Profesional Elite  Serie 15KG HWM";"2";"151252.100840";"53";"0";"BOEM";"1";"https://pesaschile.cl/2/img/p/1/5/6/8/1568-thickbox_default.jpg";
"386";"1";"Discos Barbell 15 kg X 2 UN ";"2";"32773.109244";"53";"0";"DPB15";"1";"https://pesaschile.cl/2/img/p/1/0/5/1/1051-thickbox_default.jpg";
"387";"1";"Discos Barbell 2 kg X 2UN ";"2";"4369.747899";"53";"0";"DPB02";"1";"https://pesaschile.cl/2/img/p/1/0/4/3/1043-thickbox_default.jpg";
"388";"1";"Discos Barbell 2.5 kg X 2UN ";"2";"5462.184874";"53";"0";"DPB025";"1";"https://pesaschile.cl/2/img/p/1/0/4/4/1044-thickbox_default.jpg";
"389";"1";"Discos Barbell 10 kg X 2 UN ";"2";"21848.739496";"53";"0";"DPB10";"1";"https://pesaschile.cl/2/img/p/1/0/4/9/1049-thickbox_default.jpg";
"390";"1";"Discos Barbell 20 kg X 2 UN ";"2";"43697.478992";"53";"0";"DPB20";"1";"https://pesaschile.cl/2/img/p/1/0/5/0/1050-thickbox_default.jpg";
"391";"1";"Discos Barbell 5 kg X 2 UN ";"2";"10924.369748";"53";"0";"DPB05";"1";"https://pesaschile.cl/2/img/p/1/0/4/5/1045-thickbox_default.jpg";
"395";"1";"Rack Horizontal para Mancuernas";"13";"126042.016807";"53";"0";"RA018";"1";"https://pesaschile.cl/2/img/p/1/4/7/6/1476-thickbox_default.jpg";
"397";"1";"Cinturon de Lastre";"2";"21000.000000";"53";"0";"CL";"1";"https://pesaschile.cl/2/img/p/1/3/6/9/1369-thickbox_default.jpg";
"398";"1";"Pantorillera MO";"55";"294109.243697";"53";"0";"MO-5200";"1";"https://pesaschile.cl/2/img/p/1/6/1/0/1610-thickbox_default.jpg";
"399";"1";"Banco Scott MO";"2";"252092.436975";"53";"0";"MO-2000";"1";"https://pesaschile.cl/2/img/p/1/6/0/7/1607-thickbox_default.jpg";
"400";"1";"Polea Cruzada Promachine";"34";"252092.436975";"53";"0";"PK030";"1";"https://pesaschile.cl/2/img/p/1/5/1/3/1513-thickbox_default.jpg";
"401";"1";"Banco Inclinable MO";"55";"210075.630252";"53";"0";"MO-600";"1";"https://pesaschile.cl/2/img/p/1/7/3/3/1733-thickbox_default.jpg";
"402";"1";"Banco Plano MO";"2";"126042.016807";"53";"0";"MO-500";"1";"https://pesaschile.cl/2/img/p/1/7/3/2/1732-thickbox_default.jpg";
"408";"1";"Speed Rope Aluminio";"2";"8394.957983";"53";"0";"CSSRA";"1";"https://pesaschile.cl/2/img/p/1/4/1/0/1410-thickbox_default.jpg";
"408";"1";"Speed Rope Aluminio";"2";"8394.957983";"53";"0";"CSSRA";"1";"https://pesaschile.cl/2/img/p/1/4/1/1/1411-thickbox_default.jpg";
"410";"1";"Par D. Olimpico Promachine 2.5kg";"139";"6705.882353";"53";"0";"DOP025";"1";"https://pesaschile.cl/2/img/p/1/0/6/1/1061-thickbox_default.jpg";
"410";"1";"Par D. Olimpico Promachine 2.5kg";"139";"6705.882353";"53";"0";"DOP025";"1";"https://pesaschile.cl/2/img/p/1/0/6/2/1062-thickbox_default.jpg";
"411";"1";"Par D. Olimpico Promachine 5kg";"2";"13428.571429";"53";"0";"DOP05";"1";"https://pesaschile.cl/2/img/p/1/7/2/4/1724-thickbox_default.jpg";
"412";"1";"Par D. Olimpico Promachine 10kg";"2";"26873.949580";"53";"0";"DOP10";"1";"https://pesaschile.cl/2/img/p/1/0/6/3/1063-thickbox_default.jpg";
"412";"1";"Par D. Olimpico Promachine 10kg";"2";"26873.949580";"53";"0";"DOP10";"1";"https://pesaschile.cl/2/img/p/1/0/6/4/1064-thickbox_default.jpg";
"413";"1";"Par D. Olimpico Promachine 15kg";"2";"40319.327731";"53";"0";"DOP15";"1";"https://pesaschile.cl/2/img/p/1/0/6/5/1065-thickbox_default.jpg";
"413";"1";"Par D. Olimpico Promachine 15kg";"2";"40319.327731";"53";"0";"DOP15";"1";"https://pesaschile.cl/2/img/p/1/0/6/6/1066-thickbox_default.jpg";
"414";"1";"Par D. Olimpico Promachine 20kg";"2";"53764.705882";"53";"0";"DOP20";"1";"https://pesaschile.cl/2/img/p/1/0/8/3/1083-thickbox_default.jpg";
"417";"1";"Par D. Olimpico Promachine 1.25kg";"2";"3352.941176";"53";"0";"DOP0125";"1";"https://pesaschile.cl/2/img/p/1/0/8/6/1086-thickbox_default.jpg";
"417";"1";"Par D. Olimpico Promachine 1.25kg";"2";"3352.941176";"53";"0";"DOP0125";"1";"https://pesaschile.cl/2/img/p/1/0/8/7/1087-thickbox_default.jpg";
"418";"1";"Par D. Olimpico Promachine 25kg";"2";"67210.084034";"53";"0";"DOP25";"1";"https://pesaschile.cl/2/img/p/1/0/8/8/1088-thickbox_default.jpg";
"418";"1";"Par D. Olimpico Promachine 25kg";"2";"67210.084034";"53";"0";"DOP25";"1";"https://pesaschile.cl/2/img/p/1/0/8/9/1089-thickbox_default.jpg";
"419";"1";"Glúteo Aislado MO";"55";"756294.117647";"53";"0";"MO-5800";"1";"https://pesaschile.cl/2/img/p/1/6/2/5/1625-thickbox_default.jpg";
"421";"1";"Abducción MO (Glúteo Medio) ";"55";"756294.117647";"53";"0";"MO-5910";"1";"https://pesaschile.cl/2/img/p/1/6/2/9/1629-thickbox_default.jpg";
"422";"1";"Dominada/Fondo Asistida MO";"55";"756294.117647";"53";"0";"MO-3000";"1";"https://pesaschile.cl/2/img/p/1/6/3/0/1630-thickbox_default.jpg";
"424";"1";"Extensión de Cuádriceps MO";"55";"756294.117647";"53";"0";"MO-5700";"1";"https://pesaschile.cl/2/img/p/1/6/3/1/1631-thickbox_default.jpg";
"427";"1";"Barra Promachine 20kg";"2";"75621.848740";"53";"0";"BORP";"1";"https://pesaschile.cl/2/img/p/1/1/0/1/1101-thickbox_default.jpg";
"427";"1";"Barra Promachine 20kg";"2";"75621.848740";"53";"0";"BORP";"1";"https://pesaschile.cl/2/img/p/1/1/0/2/1102-thickbox_default.jpg";
"427";"1";"Barra Promachine 20kg";"2";"75621.848740";"53";"0";"BORP";"1";"https://pesaschile.cl/2/img/p/1/1/0/3/1103-thickbox_default.jpg";
"427";"1";"Barra Promachine 20kg";"2";"75621.848740";"53";"0";"BORP";"1";"https://pesaschile.cl/2/img/p/1/1/0/4/1104-thickbox_default.jpg";
"427";"1";"Barra Promachine 20kg";"2";"75621.848740";"53";"0";"BORP";"1";"https://pesaschile.cl/2/img/p/1/5/3/2/1532-thickbox_default.jpg";
"427";"1";"Barra Promachine 20kg";"2";"75621.848740";"53";"0";"BORP";"1";"https://pesaschile.cl/2/img/p/1/5/3/3/1533-thickbox_default.jpg";
"428";"1";"Pack Crossfit HWM";"18";"663857.142857";"53";"0";"PCH";"1";"https://pesaschile.cl/2/img/p/1/7/4/4/1744-thickbox_default.jpg";
"430";"1";"Barra Extensión Puerta";"2";"8394.957983";"53";"0";"BP";"1";"https://pesaschile.cl/2/img/p/1/1/0/8/1108-thickbox_default.jpg";
"430";"1";"Barra Extensión Puerta";"2";"8394.957983";"53";"0";"BP";"1";"https://pesaschile.cl/2/img/p/1/1/0/9/1109-thickbox_default.jpg";
"430";"1";"Barra Extensión Puerta";"2";"8394.957983";"53";"0";"BP";"1";"https://pesaschile.cl/2/img/p/1/1/1/0/1110-thickbox_default.jpg";
"431";"1";"Pack discos Olímpicos Promachine + barra promachine";"46";"235285.714286";"53";"0";"POP";"1";"https://pesaschile.cl/2/img/p/1/1/1/1/1111-thickbox_default.jpg";
"432";"1";"Strap de levantamiento";"41";"2512.605042";"53";"0";"SL";"1";"https://pesaschile.cl/2/img/p/1/1/1/7/1117-thickbox_default.jpg";
"432";"1";"Strap de levantamiento";"41";"2512.605042";"53";"0";"SL";"1";"https://pesaschile.cl/2/img/p/1/1/1/8/1118-thickbox_default.jpg";
"433";"1";"Kettlebell Vinilo Acero 20Kg";"2";"29411.764706";"53";"0";"KVA20";"1";"https://pesaschile.cl/2/img/p/1/2/5/7/1257-thickbox_default.jpg";
"434";"1";"Piso caucho alto trafico 15mm";"8";"16798.319328";"53";"0";"PC15";"1";"https://pesaschile.cl/2/img/p/1/1/5/7/1157-thickbox_default.jpg";
"434";"1";"Piso caucho alto trafico 15mm";"8";"16798.319328";"53";"0";"PC15";"1";"https://pesaschile.cl/2/img/p/1/2/9/7/1297-thickbox_default.jpg";
"435";"1";"Remo Icarus-X HWM";"33";"840327.731092";"53";"0";"RHI";"1";"https://pesaschile.cl/2/img/p/1/5/3/8/1538-thickbox_default.jpg";
"436";"1";"Air Bike HWM";"33";"462176.470588";"53";"0";" ABH";"1";"https://pesaschile.cl/2/img/p/1/1/8/3/1183-thickbox_default.jpg";
"436";"1";"Air Bike HWM";"33";"462176.470588";"53";"0";" ABH";"1";"https://pesaschile.cl/2/img/p/1/6/8/8/1688-thickbox_default.jpg";
"436";"1";"Air Bike HWM";"33";"462176.470588";"53";"0";" ABH";"1";"https://pesaschile.cl/2/img/p/1/6/8/9/1689-thickbox_default.jpg";
"436";"1";"Air Bike HWM";"33";"462176.470588";"53";"0";" ABH";"1";"https://pesaschile.cl/2/img/p/1/6/9/0/1690-thickbox_default.jpg";
"436";"1";"Air Bike HWM";"33";"462176.470588";"53";"0";" ABH";"1";"https://pesaschile.cl/2/img/p/1/6/9/1/1691-thickbox_default.jpg";
"436";"1";"Air Bike HWM";"33";"462176.470588";"53";"0";" ABH";"1";"https://pesaschile.cl/2/img/p/1/6/9/2/1692-thickbox_default.jpg";
"436";"1";"Air Bike HWM";"33";"462176.470588";"53";"0";" ABH";"1";"https://pesaschile.cl/2/img/p/1/6/9/3/1693-thickbox_default.jpg";
"438";"1";"Ab Traps";"42";"8394.957983";"53";"0";"ABS";"1";"https://pesaschile.cl/2/img/p/1/1/8/9/1189-thickbox_default.jpg";
"439";"1";"Rack Barra Pared Vertical HWM";"2";"55453.781513";"53";"0";"RBPV";"1";"https://pesaschile.cl/2/img/p/1/4/0/6/1406-thickbox_default.jpg";
"444";"1";"Soporte Vertical Barras";"2";"55453.781513";"53";"0";"RBV";"1";"https://pesaschile.cl/2/img/p/1/1/8/8/1188-thickbox_default.jpg";
"446";"1";"Tabla de Escalada";"2";"100831.932773";"53";"0";"TE";"1";"https://pesaschile.cl/2/img/p/1/4/0/8/1408-thickbox_default.jpg";
"446";"1";"Tabla de Escalada";"2";"100831.932773";"53";"0";"TE";"1";"https://pesaschile.cl/2/img/p/1/4/0/9/1409-thickbox_default.jpg";
"447";"1";"Disco de Equilibrio Madera";"2";"12596.638656";"53";"0";"DEM";"1";"https://pesaschile.cl/2/img/p/1/2/8/0/1280-thickbox_default.jpg";
"448";"1";"Disco de Equilibrio Plástico";"2";"6714.285714";"53";"0";"DEP";"1";"https://pesaschile.cl/2/img/p/1/2/8/1/1281-thickbox_default.jpg";
"449";"1";"Pack Bandas Resistencia Corta";"8";"8394.957983";"53";"0";"PBCC";"1";"https://pesaschile.cl/2/img/p/1/3/1/5/1315-thickbox_default.jpg";
"449";"1";"Pack Bandas Resistencia Corta";"8";"8394.957983";"53";"0";"PBCC";"1";"https://pesaschile.cl/2/img/p/1/3/6/8/1368-thickbox_default.jpg";
"450";"1";"Cajón Pliométrico";"33";"54613.445378";"53";"0";"CP";"1";"https://pesaschile.cl/2/img/p/1/4/1/3/1413-thickbox_default.jpg";
"451";"1";"Trotadora Obelix GT5";"34";"1008394.957980";"53";"0";"TGT5";"1";"https://pesaschile.cl/2/img/p/1/6/6/9/1669-thickbox_default.jpg";
"451";"1";"Trotadora Obelix GT5";"34";"1008394.957980";"53";"0";"TGT5";"1";"https://pesaschile.cl/2/img/p/1/6/7/0/1670-thickbox_default.jpg";
"451";"1";"Trotadora Obelix GT5";"34";"1008394.957980";"53";"0";"TGT5";"1";"https://pesaschile.cl/2/img/p/1/6/7/1/1671-thickbox_default.jpg";
"451";"1";"Trotadora Obelix GT5";"34";"1008394.957980";"53";"0";"TGT5";"1";"https://pesaschile.cl/2/img/p/1/6/7/2/1672-thickbox_default.jpg";
"451";"1";"Trotadora Obelix GT5";"34";"1008394.957980";"53";"0";"TGT5";"1";"https://pesaschile.cl/2/img/p/1/6/7/3/1673-thickbox_default.jpg";
"451";"1";"Trotadora Obelix GT5";"34";"1008394.957980";"53";"0";"TGT5";"1";"https://pesaschile.cl/2/img/p/1/6/7/4/1674-thickbox_default.jpg";
"451";"1";"Trotadora Obelix GT5";"34";"1008394.957980";"53";"0";"TGT5";"1";"https://pesaschile.cl/2/img/p/1/6/7/5/1675-thickbox_default.jpg";
"451";"1";"Trotadora Obelix GT5";"34";"1008394.957980";"53";"0";"TGT5";"1";"https://pesaschile.cl/2/img/p/1/6/7/6/1676-thickbox_default.jpg";
"451";"1";"Trotadora Obelix GT5";"34";"1008394.957980";"53";"0";"TGT5";"1";"https://pesaschile.cl/2/img/p/1/6/7/7/1677-thickbox_default.jpg";
"452";"1";"Set Discos Fraccionales ";"18";"67218.487395";"53";"0";"";"1";"https://pesaschile.cl/2/img/p/1/2/0/9/1209-thickbox_default.jpg";
"453";"1";"Par D.Fraccional 0.5kg";"2";"8394.957983";"53";"0";"DOF005";"1";"https://pesaschile.cl/2/img/p/1/2/4/4/1244-thickbox_default.jpg";
"454";"1";"Par D.Fraccional 1kg";"2";"10915.966387";"53";"0";"DOF01";"1";"https://pesaschile.cl/2/img/p/1/2/4/5/1245-thickbox_default.jpg";
"455";"1";"Par D.Fraccional 1.5kg";"2";"14277.310924";"53";"0";"DOF015";"1";"https://pesaschile.cl/2/img/p/1/2/4/6/1246-thickbox_default.jpg";
"456";"1";"Par D.Fraccional 2kg";"2";"16798.319328";"53";"0";"DOF02";"1";"https://pesaschile.cl/2/img/p/1/2/4/7/1247-thickbox_default.jpg";
"457";"1";"SET RACK + 20 BODY PUMP";"46";"1008394.957980";"53";"0";"SBPR";"1";"https://pesaschile.cl/2/img/p/1/6/4/0/1640-thickbox_default.jpg";
"458";"1";"Pack 25 Set Body Pump";"46";"1008235.294120";"53";"0";"";"1";"https://pesaschile.cl/2/img/p/1/2/2/3/1223-thickbox_default.jpg";
"470";"1";"Máquina Abductor / Aductor V8 ";"55";"1176462.184870";"53";"0";"V8-516";"1";"https://pesaschile.cl/2/img/p/1/2/1/0/1210-thickbox_default.jpg";
"471";"1";"Máquina Extensión de Cuadriceps V8 ";"55";"1176462.184870";"53";"0";"V8-510";"1";"https://pesaschile.cl/2/img/p/1/4/9/0/1490-thickbox_default.jpg";
"472";"1";"Máquina Curl de Femoral Sentado V8  ";"55";"1176462.184870";"53";"0";"V8-505";"1";"https://pesaschile.cl/2/img/p/1/2/1/2/1212-thickbox_default.jpg";
"473";"1";"Máquina Glúteo Aislado V8  ";"55";"1176462.184870";"53";"0";"V8-520";"1";"https://pesaschile.cl/2/img/p/1/2/1/3/1213-thickbox_default.jpg";
"474";"1";"Máquina Abdominal V8 ";"55";"1092428.571430";"53";"0";"V8-511";"1";"https://pesaschile.cl/2/img/p/1/2/1/4/1214-thickbox_default.jpg";
"475";"1";"Máquina Dorsales V8  ";"55";"1176462.184870";"53";"0";"V8-501";"1";"https://pesaschile.cl/2/img/p/1/2/1/5/1215-thickbox_default.jpg";
"476";"1";"Máquina Press de Hombro T8 ";"55";"756294.117647";"53";"0";"T8-605";"1";"https://pesaschile.cl/2/img/p/1/2/1/6/1216-thickbox_default.jpg";
"477";"1";"Máquina Press de Pectoral T8  ";"55";"672260.504202";"53";"0";"T8-604";"1";"https://pesaschile.cl/2/img/p/1/2/1/7/1217-thickbox_default.jpg";
"478";"1";"Máquina Remo Sentado T8  ";"55";"672260.504202";"53";"0";"T8-603";"1";"https://pesaschile.cl/2/img/p/1/2/1/8/1218-thickbox_default.jpg";
"479";"1";"Máquina Dorsales T8  ";"55";"756294.117647";"53";"0";"T8-606";"1";"https://pesaschile.cl/2/img/p/1/2/1/9/1219-thickbox_default.jpg";
"480";"1";"Pack discos Olímpicos engomados Promachine";"46";"201672.268908";"53";"0";"PDOP";"1";"https://pesaschile.cl/2/img/p/1/2/3/8/1238-thickbox_default.jpg";
"483";"1";"Par D.Fraccional 2.5kg";"2";"21000.000000";"53";"0";"DOF025";"1";"https://pesaschile.cl/2/img/p/1/2/4/9/1249-thickbox_default.jpg";
"487";"1";"Rodillera Mac David";"12";"16798.319328";"53";"0";"";"1";"https://pesaschile.cl/2/img/p/1/2/5/3/1253-thickbox_default.jpg";
"488";"1";"Toma Barra Corta";"8";"16798.319328";"53";"0";"TBC";"1";"https://pesaschile.cl/2/img/p/1/2/5/5/1255-thickbox_default.jpg";
"490";"1";"Par Crumb Bumper 10LB";"23";"23848.739496";"53";"0";"DOC10";"1";"https://pesaschile.cl/2/img/p/1/3/0/0/1300-thickbox_default.jpg";
"490";"1";"Par Crumb Bumper 10LB";"23";"23848.739496";"53";"0";"DOC10";"1";"https://pesaschile.cl/2/img/p/1/3/0/1/1301-thickbox_default.jpg";
"503";"1";"Par Crumb Bumper 25LB";"2";"57310.924370";"53";"0";"DOC25";"1";"https://pesaschile.cl/2/img/p/1/3/0/2/1302-thickbox_default.jpg";
"503";"1";"Par Crumb Bumper 25LB";"2";"57310.924370";"53";"0";"DOC25";"1";"https://pesaschile.cl/2/img/p/1/3/0/3/1303-thickbox_default.jpg";
"504";"1";"Par Crumb Bumper 15LB";"2";"34756.302521";"53";"0";"DOC15";"1";"https://pesaschile.cl/2/img/p/1/3/0/9/1309-thickbox_default.jpg";
"504";"1";"Par Crumb Bumper 15LB";"2";"34756.302521";"53";"0";"DOC15";"1";"https://pesaschile.cl/2/img/p/1/3/1/0/1310-thickbox_default.jpg";
"505";"1";"Par Crumb Bumper 35LB";"2";"80420.168067";"53";"0";"DOC35";"1";"https://pesaschile.cl/2/img/p/1/3/0/4/1304-thickbox_default.jpg";
"505";"1";"Par Crumb Bumper 35LB";"2";"80420.168067";"53";"0";"DOC35";"1";"https://pesaschile.cl/2/img/p/1/3/0/5/1305-thickbox_default.jpg";
"507";"1";"Pack 260LB Crumb Bumper";"61";"277302.521008";"53";"0";"POC260";"1";"https://pesaschile.cl/2/img/p/1/3/1/1/1311-thickbox_default.jpg";
"508";"1";"Pack 170LB Crumb Bumper";"61";"184865.546218";"53";"0";"POC170";"1";"https://pesaschile.cl/2/img/p/1/2/9/4/1294-thickbox_default.jpg";
"508";"1";"Pack 170LB Crumb Bumper";"61";"184865.546218";"53";"0";"POC170";"1";"https://pesaschile.cl/2/img/p/1/3/0/8/1308-thickbox_default.jpg";
"509";"1";"Banco Abdominal MO";"2";"201672.268908";"53";"0";"MO-700";"1";"https://pesaschile.cl/2/img/p/1/6/3/2/1632-thickbox_default.jpg";
"510";"1";"T - Rowing MO";"55";"277302.521008";"53";"0";"MO-3120";"1";"https://pesaschile.cl/2/img/p/1/6/3/3/1633-thickbox_default.jpg";
"511";"1";"Prensa Horizontal MO";"55";"840327.731092";"53";"0";"MO-5500";"1";"https://pesaschile.cl/2/img/p/1/7/4/6/1746-thickbox_default.jpg";
"512";"1";"Smith MO";"55";"1008394.957980";"53";"0";"MO-6200";"1";"https://pesaschile.cl/2/img/p/1/6/3/5/1635-thickbox_default.jpg";
"513";"1";"Jaula de Potencia MO";"55";"420159.663866";"53";"0";"MO-6100";"1";"https://pesaschile.cl/2/img/p/1/6/3/6/1636-thickbox_default.jpg";
"514";"1";"Polea Alta MO";"55";"756294.117647";"53";"0";"MO-3500";"1";"https://pesaschile.cl/2/img/p/1/7/4/2/1742-thickbox_default.jpg";
"515";"1";"Set 4 Cajones Pliométricos";"2";"134445.378151";"53";"0";"CP4";"1";"https://pesaschile.cl/2/img/p/1/3/7/1/1371-thickbox_default.jpg";
"515";"1";"Set 4 Cajones Pliométricos";"2";"134445.378151";"53";"0";"CP4";"1";"https://pesaschile.cl/2/img/p/1/3/7/2/1372-thickbox_default.jpg";
"516";"1";"Tape Kinesiológico";"35";"4193.277311";"53";"0";"BKT";"1";"https://pesaschile.cl/2/img/p/1/5/4/4/1544-thickbox_default.jpg";
"517";"1";"Barra Técnica 7.5kg";"31";"63016.806723";"53";"0";"BTA";"1";"https://pesaschile.cl/2/img/p/1/4/7/4/1474-thickbox_default.jpg";
"517";"1";"Barra Técnica 7.5kg";"31";"63016.806723";"53";"0";"BTA";"1";"https://pesaschile.cl/2/img/p/1/4/7/5/1475-thickbox_default.jpg";
"517";"1";"Barra Técnica 7.5kg";"31";"63016.806723";"53";"0";"BTA";"1";"https://pesaschile.cl/2/img/p/1/5/3/4/1534-thickbox_default.jpg";
"517";"1";"Barra Técnica 7.5kg";"31";"63016.806723";"53";"0";"BTA";"1";"https://pesaschile.cl/2/img/p/1/5/3/5/1535-thickbox_default.jpg";
"517";"1";"Barra Técnica 7.5kg";"31";"63016.806723";"53";"0";"BTA";"1";"https://pesaschile.cl/2/img/p/1/5/6/9/1569-thickbox_default.jpg";
"517";"1";"Barra Técnica 7.5kg";"31";"63016.806723";"53";"0";"BTA";"1";"https://pesaschile.cl/2/img/p/1/5/7/0/1570-thickbox_default.jpg";
"518";"1";"Barra Training Serie 15kg HWM";"2";"117638.655462";"53";"0";"BORT15";"1";"https://pesaschile.cl/2/img/p/1/5/2/9/1529-thickbox_default.jpg";
"518";"1";"Barra Training Serie 15kg HWM";"2";"117638.655462";"53";"0";"BORT15";"1";"https://pesaschile.cl/2/img/p/1/5/3/0/1530-thickbox_default.jpg";
"518";"1";"Barra Training Serie 15kg HWM";"2";"117638.655462";"53";"0";"BORT15";"1";"https://pesaschile.cl/2/img/p/1/5/3/1/1531-thickbox_default.jpg";
"518";"1";"Barra Training Serie 15kg HWM";"2";"117638.655462";"53";"0";"BORT15";"1";"https://pesaschile.cl/2/img/p/1/5/6/0/1560-thickbox_default.jpg";
"518";"1";"Barra Training Serie 15kg HWM";"2";"117638.655462";"53";"0";"BORT15";"1";"https://pesaschile.cl/2/img/p/1/5/6/1/1561-thickbox_default.jpg";
"518";"1";"Barra Training Serie 15kg HWM";"2";"117638.655462";"53";"0";"BORT15";"1";"https://pesaschile.cl/2/img/p/1/5/6/2/1562-thickbox_default.jpg";
"519";"1";"Maletin York 20kg";"21";"29403.361345";"53";"0";"PMY";"1";"https://pesaschile.cl/2/img/p/1/5/4/6/1546-thickbox_default.jpg";
"519";"1";"Maletin York 20kg";"21";"29403.361345";"53";"0";"PMY";"1";"https://pesaschile.cl/2/img/p/1/7/9/3/1793-thickbox_default.jpg";
"520";"1";"PACK BANQUILLO+ MALETIN YORK";"46";"109235.294118";"53";"0";"PBO";"1";"https://pesaschile.cl/2/img/p/1/7/9/4/1794-thickbox_default.jpg";
"523";"1";"Pack Crumb Elite HWM";"18";"420159.663866";"53";"0";"PDOCE";"1";"https://pesaschile.cl/2/img/p/1/3/4/6/1346-thickbox_default.jpg";
"525";"1";"Pack Acero Vinilo Light";"46";"67218.487395";"53";"0";"PKAL";"1";"https://pesaschile.cl/2/img/p/1/3/6/6/1366-thickbox_default.jpg";
"527";"1";"Tenazas Olímpicas";"141";"2512.605042";"53";"0";"TPO";"1";"https://pesaschile.cl/2/img/p/1/3/6/4/1364-thickbox_default.jpg";
"528";"1";"Tenazas Preolimpicas";"8";"1672.268908";"53";"0";"TPP";"1";"https://pesaschile.cl/2/img/p/1/3/6/3/1363-thickbox_default.jpg";
"529";"1";"prueba";"2";"420.168067";"53";"1";"";"1";"";
"530";"1";"Discos Barbell 3 kg X 2UN ";"2";"6554.621849";"53";"0";"DPB03";"1";"https://pesaschile.cl/2/img/p/1/4/5/0/1450-thickbox_default.jpg";
"531";"1";"CINTURON LUMBAR PROMACHINE S";"8";"10915.966387";"53";"0";"CLPS";"1";"https://pesaschile.cl/2/img/p/1/3/9/1/1391-thickbox_default.jpg";
"531";"1";"CINTURON LUMBAR PROMACHINE S";"8";"10915.966387";"53";"0";"CLPS";"1";"https://pesaschile.cl/2/img/p/1/3/9/2/1392-thickbox_default.jpg";
"532";"1";"CINTURON LUMBAR PROMACHINE M";"8";"10915.966387";"53";"0";"CLPM";"1";"https://pesaschile.cl/2/img/p/1/3/8/9/1389-thickbox_default.jpg";
"532";"1";"CINTURON LUMBAR PROMACHINE M";"8";"10915.966387";"53";"0";"CLPM";"1";"https://pesaschile.cl/2/img/p/1/3/9/0/1390-thickbox_default.jpg";
"533";"1";"CINTURON LUMBAR PROMACHINE L";"8";"10915.966387";"53";"0";"CLPL";"1";"https://pesaschile.cl/2/img/p/1/3/8/7/1387-thickbox_default.jpg";
"533";"1";"CINTURON LUMBAR PROMACHINE L";"8";"10915.966387";"53";"0";"CLPL";"1";"https://pesaschile.cl/2/img/p/1/3/8/8/1388-thickbox_default.jpg";
"534";"1";"CINTURÓN LUMBAR PROMACHINE ROSADO";"141";"10915.966387";"53";"0";"CLPSR";"1";"https://pesaschile.cl/2/img/p/1/3/8/5/1385-thickbox_default.jpg";
"534";"1";"CINTURÓN LUMBAR PROMACHINE ROSADO";"141";"10915.966387";"53";"0";"CLPSR";"1";"https://pesaschile.cl/2/img/p/1/3/8/6/1386-thickbox_default.jpg";
"535";"1";"BARRA MULTIAGARRE";"31";"84025.210084";"53";"0";"BMA";"1";"https://pesaschile.cl/2/img/p/1/3/7/5/1375-thickbox_default.jpg";
"535";"1";"BARRA MULTIAGARRE";"31";"84025.210084";"53";"0";"BMA";"1";"https://pesaschile.cl/2/img/p/1/3/7/6/1376-thickbox_default.jpg";
"536";"1";"BARRA LOG";"2";"100831.932773";"53";"0";"BL";"1";"https://pesaschile.cl/2/img/p/1/3/7/3/1373-thickbox_default.jpg";
"536";"1";"BARRA LOG";"2";"100831.932773";"53";"0";"BL";"1";"https://pesaschile.cl/2/img/p/1/3/7/4/1374-thickbox_default.jpg";
"537";"1";"MÁSCARA DE ENTRENAMIENTO";"8";"21000.000000";"53";"0";"ME";"1";"https://pesaschile.cl/2/img/p/1/3/8/0/1380-thickbox_default.jpg";
"537";"1";"MÁSCARA DE ENTRENAMIENTO";"8";"21000.000000";"53";"0";"ME";"1";"https://pesaschile.cl/2/img/p/1/3/8/1/1381-thickbox_default.jpg";
"538";"1";"HIP THRUST PROMACHINE";"13";"134445.378151";"53";"0";"MHT";"1";"https://pesaschile.cl/2/img/p/1/3/7/7/1377-thickbox_default.jpg";
"538";"1";"HIP THRUST PROMACHINE";"13";"134445.378151";"53";"0";"MHT";"1";"https://pesaschile.cl/2/img/p/1/3/7/8/1378-thickbox_default.jpg";
"538";"1";"HIP THRUST PROMACHINE";"13";"134445.378151";"53";"0";"MHT";"1";"https://pesaschile.cl/2/img/p/1/3/7/9/1379-thickbox_default.jpg";
"540";"1";"PAR RODILLERA FULL FIT S";"41";"8394.957983";"53";"0";"FIRFS";"1";"https://pesaschile.cl/2/img/p/1/3/9/3/1393-thickbox_default.jpg";
"541";"1";"PAR RODILLERA FULL FIT M";"41";"8394.957983";"53";"0";"FIRFM";"1";"https://pesaschile.cl/2/img/p/1/3/9/4/1394-thickbox_default.jpg";
"542";"1";"PAR RODILLERA FULL FIT L";"32";"8394.957983";"53";"0";"FIRFL";"1";"https://pesaschile.cl/2/img/p/1/3/9/5/1395-thickbox_default.jpg";
"543";"1";"PAR PESO MUÑ/TOB 2 KG PROMACHINE";"2";"7554.621849";"53";"0";"PM02P";"1";"https://pesaschile.cl/2/img/p/1/3/9/9/1399-thickbox_default.jpg";
"543";"1";"PAR PESO MUÑ/TOB 2 KG PROMACHINE";"2";"7554.621849";"53";"0";"PM02P";"1";"https://pesaschile.cl/2/img/p/1/4/0/0/1400-thickbox_default.jpg";
"544";"1";"PAR PESO MUÑ/TOB 1.5 KG PROMACHINE";"2";"5873.949580";"53";"0";"PM015P";"1";"https://pesaschile.cl/2/img/p/1/3/9/7/1397-thickbox_default.jpg";
"544";"1";"PAR PESO MUÑ/TOB 1.5 KG PROMACHINE";"2";"5873.949580";"53";"0";"PM015P";"1";"https://pesaschile.cl/2/img/p/1/3/9/8/1398-thickbox_default.jpg";
"545";"1";"PAR PESO MUÑ/TOB 2.5 KG PROMACHINE";"2";"8394.957983";"53";"0";"PM025P";"1";"https://pesaschile.cl/2/img/p/1/4/0/1/1401-thickbox_default.jpg";
"545";"1";"PAR PESO MUÑ/TOB 2.5 KG PROMACHINE";"2";"8394.957983";"53";"0";"PM025P";"1";"https://pesaschile.cl/2/img/p/1/4/0/2/1402-thickbox_default.jpg";
"546";"1";"TOBILLERA PARA POLEA";"8";"8394.957983";"53";"0";"TP";"1";"https://pesaschile.cl/2/img/p/1/3/9/6/1396-thickbox_default.jpg";
"549";"1";"Trotadora Obelix GT7";"34";"1428563.025210";"53";"0";"TGT7";"1";"https://pesaschile.cl/2/img/p/1/6/5/8/1658-thickbox_default.jpg";
"549";"1";"Trotadora Obelix GT7";"34";"1428563.025210";"53";"0";"TGT7";"1";"https://pesaschile.cl/2/img/p/1/6/5/9/1659-thickbox_default.jpg";
"549";"1";"Trotadora Obelix GT7";"34";"1428563.025210";"53";"0";"TGT7";"1";"https://pesaschile.cl/2/img/p/1/6/6/0/1660-thickbox_default.jpg";
"549";"1";"Trotadora Obelix GT7";"34";"1428563.025210";"53";"0";"TGT7";"1";"https://pesaschile.cl/2/img/p/1/6/6/1/1661-thickbox_default.jpg";
"549";"1";"Trotadora Obelix GT7";"34";"1428563.025210";"53";"0";"TGT7";"1";"https://pesaschile.cl/2/img/p/1/6/6/2/1662-thickbox_default.jpg";
"549";"1";"Trotadora Obelix GT7";"34";"1428563.025210";"53";"0";"TGT7";"1";"https://pesaschile.cl/2/img/p/1/6/6/3/1663-thickbox_default.jpg";
"549";"1";"Trotadora Obelix GT7";"34";"1428563.025210";"53";"0";"TGT7";"1";"https://pesaschile.cl/2/img/p/1/6/6/4/1664-thickbox_default.jpg";
"549";"1";"Trotadora Obelix GT7";"34";"1428563.025210";"53";"0";"TGT7";"1";"https://pesaschile.cl/2/img/p/1/6/6/5/1665-thickbox_default.jpg";
"549";"1";"Trotadora Obelix GT7";"34";"1428563.025210";"53";"0";"TGT7";"1";"https://pesaschile.cl/2/img/p/1/6/6/6/1666-thickbox_default.jpg";
"549";"1";"Trotadora Obelix GT7";"34";"1428563.025210";"53";"0";"TGT7";"1";"https://pesaschile.cl/2/img/p/1/6/6/7/1667-thickbox_default.jpg";
"549";"1";"Trotadora Obelix GT7";"34";"1428563.025210";"53";"0";"TGT7";"1";"https://pesaschile.cl/2/img/p/1/6/6/8/1668-thickbox_default.jpg";
"550";"1";"Pack Olímpico Engomados con Barra";"46";"168058.823529";"53";"0";"PEBC";"1";"https://pesaschile.cl/2/img/p/1/4/1/7/1417-thickbox_default.jpg";
"551";"1";"Power Pro Pack Engomado";"13";"420159.663866";"53";"0";"PPPEC";"1";"https://pesaschile.cl/2/img/p/1/7/2/9/1729-thickbox_default.jpg";
"552";"1";"Pack Smith Machine + banquillo + Engomados Color";"13";"663857.142857";"53";"0";"PSBEC";"1";"https://pesaschile.cl/2/img/p/1/4/1/9/1419-thickbox_default.jpg";
"553";"1";"Coderas McDavid";"13";"14277.310924";"53";"0";"";"1";"https://pesaschile.cl/2/img/p/1/4/2/1/1421-thickbox_default.jpg";
"553";"1";"Coderas McDavid";"13";"14277.310924";"53";"0";"";"1";"https://pesaschile.cl/2/img/p/1/4/2/2/1422-thickbox_default.jpg";
"554";"1";"Barra Preolímpica 2,2m";"37";"21000.000000";"53";"0";"BPR220";"1";"https://pesaschile.cl/2/img/p/1/4/2/5/1425-thickbox_default.jpg";
"555";"1";"PAR DISCO PREOLIMPICO ENGOMADO 1,25 KG";"2";"3571.428571";"53";"0";"DPE0125";"1";"https://pesaschile.cl/2/img/p/1/4/2/6/1426-thickbox_default.jpg";
"556";"1";"PAR DISCO PREOLIMPICO ENGOMADO 2,5 KG";"2";"7142.857143";"53";"0";"DPE025";"1";"https://pesaschile.cl/2/img/p/1/4/2/7/1427-thickbox_default.jpg";
"557";"1";"PAR DISCO PREOLIMPICO ENGOMADO 5 KG";"2";"14285.714286";"53";"0";"DPE05";"1";"https://pesaschile.cl/2/img/p/1/4/2/8/1428-thickbox_default.jpg";
"558";"1";"PAR DISCO PREOLIMPICO ENGOMADO 10 KG";"2";"28571.428571";"53";"0";"DPE10";"1";"https://pesaschile.cl/2/img/p/1/4/2/9/1429-thickbox_default.jpg";
"559";"1";"PAR DISCO PREOLIMPICO ENGOMADO 15 KG";"2";"42857.142857";"53";"0";"DPE15";"1";"https://pesaschile.cl/2/img/p/1/4/3/0/1430-thickbox_default.jpg";
"560";"1";"PAR DISCO PREOLIMPICO ENGOMADO 20 KG";"2";"57142.857143";"53";"0";"DPE20";"1";"https://pesaschile.cl/2/img/p/1/4/3/1/1431-thickbox_default.jpg";
"561";"1";"PACK DISCOS PREOLIMPICOS ENGOMADOS";"38";"142848.739496";"53";"0";"PDPE";"1";"https://pesaschile.cl/2/img/p/1/4/3/2/1432-thickbox_default.jpg";
"562";"1";"Multi Estación Fija HWM";"2";"210075.630252";"53";"0";"HWM2811";"1";"https://pesaschile.cl/2/img/p/1/4/6/6/1466-thickbox_default.jpg";
"563";"1";"Banco Plano Black HWM";"13";"84025.210084";"53";"0";"HWM012";"1";"https://pesaschile.cl/2/img/p/1/4/6/5/1465-thickbox_default.jpg";
"564";"1";"Pull Up Pared HWM";"2";"33605.042017";"53";"0";"HWM011";"1";"https://pesaschile.cl/2/img/p/1/4/4/7/1447-thickbox_default.jpg";
"565";"1";"Media Jaula Black HWM";"13";"117638.655462";"53";"0";"HWM181";"1";"https://pesaschile.cl/2/img/p/1/4/6/7/1467-thickbox_default.jpg";
"565";"1";"Media Jaula Black HWM";"13";"117638.655462";"53";"0";"HWM181";"1";"https://pesaschile.cl/2/img/p/1/4/6/8/1468-thickbox_default.jpg";
"565";"1";"Media Jaula Black HWM";"13";"117638.655462";"53";"0";"HWM181";"1";"https://pesaschile.cl/2/img/p/1/4/6/9/1469-thickbox_default.jpg";
"566";"1";"Maquina Abdominal / Fondo Pared PROmachine";"2";"42008.403361";"53";"0";"PM087";"1";"https://pesaschile.cl/2/img/p/1/4/4/5/1445-thickbox_default.jpg";
"567";"1";"Banco Inclinable / Declinable PROmachine ECO";"13";"58815.126050";"53";"0";"PM011";"1";"https://pesaschile.cl/2/img/p/1/4/6/4/1464-thickbox_default.jpg";
"568";"1";"Banco Inclinable / Declinable PROmachine 2.0";"13";"84025.210084";"53";"0";"PM057";"1";"https://pesaschile.cl/2/img/p/1/4/4/3/1443-thickbox_default.jpg";
"569";"1";"Máquina Sissy Promachine";"13";"67218.487395";"53";"0";"PM105";"1";"https://pesaschile.cl/2/img/p/1/7/4/1/1741-thickbox_default.jpg";
"570";"1";"Banco Lumbar PROmachine";"2";"126042.016807";"53";"0";"PM1041";"1";"https://pesaschile.cl/2/img/p/1/4/6/2/1462-thickbox_default.jpg";
"570";"1";"Banco Lumbar PROmachine";"2";"126042.016807";"53";"0";"PM1041";"1";"https://pesaschile.cl/2/img/p/1/4/6/3/1463-thickbox_default.jpg";
"571";"1";"Multi Press / Dominadas PROmachine";"13";"168058.823529";"53";"0";"PM012";"1";"https://pesaschile.cl/2/img/p/1/4/7/7/1477-thickbox_default.jpg";
"572";"1";"Banco Abdominal Home PROmachine";"2";"25201.680672";"53";"0";"PM381";"1";"https://pesaschile.cl/2/img/p/1/4/7/1/1471-thickbox_default.jpg";
"572";"1";"Banco Abdominal Home PROmachine";"2";"25201.680672";"53";"0";"PM381";"1";"https://pesaschile.cl/2/img/p/1/4/7/2/1472-thickbox_default.jpg";
"573";"1";"Máquina Press de Hombro V8";"55";"1176462.184870";"53";"0";"V8-502";"1";"https://pesaschile.cl/2/img/p/1/4/7/8/1478-thickbox_default.jpg";
"574";"1";"Máquina Press de Pectoral V8";"55";"1176462.184870";"53";"0";"V8-504";"1";"https://pesaschile.cl/2/img/p/1/4/7/9/1479-thickbox_default.jpg";
"575";"1";"Máquina Curl de Biceps V8";"55";"1092428.571430";"53";"0";"V8-506";"1";"https://pesaschile.cl/2/img/p/1/4/8/0/1480-thickbox_default.jpg";
"576";"1";"Máquina Remo Sentado V8";"55";"1176462.184870";"53";"0";"V8-507";"1";"https://pesaschile.cl/2/img/p/1/4/8/1/1481-thickbox_default.jpg";
"577";"1";"Máquina Press de Triceps V8";"55";"1092428.571430";"53";"0";"V8-508";"1";"https://pesaschile.cl/2/img/p/1/4/8/2/1482-thickbox_default.jpg";
"578";"1";"Máquina Prensa Horizontal V8";"55";"1260495.798320";"53";"0";"V8-509";"1";"https://pesaschile.cl/2/img/p/1/4/8/7/1487-thickbox_default.jpg";
"579";"1";"Máquina Curl Femoral Acostado V8";"55";"1176462.184870";"53";"0";"V8-514";"1";"https://pesaschile.cl/2/img/p/1/4/8/8/1488-thickbox_default.jpg";
"580";"1";"Máquina Dominada/Fondo Asistida V8";"55";"1092428.571430";"53";"0";"V8-517";"1";"https://pesaschile.cl/2/img/p/1/4/8/9/1489-thickbox_default.jpg";
"581";"1";"Aperturas V8";"55";"1176462.184870";"53";"0";"V8-519";"1";"https://pesaschile.cl/2/img/p/1/4/8/3/1483-thickbox_default.jpg";
"582";"1";"Máquina Polea Alta V8";"55";"1176462.184870";"53";"0";"V8-522";"1";"https://pesaschile.cl/2/img/p/1/4/8/4/1484-thickbox_default.jpg";
"583";"1";"Máquina Remo Bajo V8";"55";"1176462.184870";"53";"0";"V8-523";"1";"https://pesaschile.cl/2/img/p/1/4/9/2/1492-thickbox_default.jpg";
"584";"1";"Banco Abdominal V8";"55";"336126.050420";"53";"0";"V8-101";"1";"https://pesaschile.cl/2/img/p/1/4/9/3/1493-thickbox_default.jpg";
"585";"1";"Banco Inclinable / Declinable V8";"55";"336126.050420";"53";"0";"V8-102";"1";"https://pesaschile.cl/2/img/p/1/4/9/4/1494-thickbox_default.jpg";
"586";"1";"Banco Scott V8";"55";"336126.050420";"53";"0";"V8-103";"1";"https://pesaschile.cl/2/img/p/1/4/9/5/1495-thickbox_default.jpg";
"587";"1";"Press Banco Plano V8";"55";"336126.050420";"53";"0";"V8-104";"1";"https://pesaschile.cl/2/img/p/1/4/9/6/1496-thickbox_default.jpg";
"588";"1";"Press Banco Inclinado V8";"55";"420159.663866";"53";"0";"V8-105";"1";"https://pesaschile.cl/2/img/p/1/4/9/7/1497-thickbox_default.jpg";
"589";"1";"ATRIL DE SENTADILLAS V8";"55";"420159.663866";"53";"0";"V8-108";"1";"https://pesaschile.cl/2/img/p/1/4/9/8/1498-thickbox_default.jpg";
"590";"1";"Banco Plano V8";"55";"168058.823529";"53";"0";"V8-202";"1";"https://pesaschile.cl/2/img/p/1/4/9/9/1499-thickbox_default.jpg";
"591";"1";"Máquina Elevación Rodillas / Fondo V8";"55";"336126.050420";"53";"0";"V8-301";"1";"https://pesaschile.cl/2/img/p/1/5/0/0/1500-thickbox_default.jpg";
"592";"1";"Pantorrillera V8";"55";"336126.050420";"53";"0";"V8-302";"1";"https://pesaschile.cl/2/img/p/1/5/0/1/1501-thickbox_default.jpg";
"592";"1";"Pantorrillera V8";"55";"336126.050420";"53";"0";"V8-302";"1";"https://pesaschile.cl/2/img/p/1/7/9/2/1792-thickbox_default.jpg";
"593";"1";"Banco Lumbar V8";"55";"336126.050420";"53";"0";"V8-303";"1";"https://pesaschile.cl/2/img/p/1/5/0/2/1502-thickbox_default.jpg";
"594";"1";"Máquina Smith V8";"55";"1512596.638660";"53";"0";"V8-518";"1";"https://pesaschile.cl/2/img/p/1/4/9/1/1491-thickbox_default.jpg";
"595";"1";"Multi Estación Funcional V8";"55";"1680663.865550";"53";"0";"V8-512";"1";"https://pesaschile.cl/2/img/p/1/4/8/5/1485-thickbox_default.jpg";
"596";"1";"Polea Cruzada V8";"55";"1428563.025210";"53";"0";"V8-513";"1";"https://pesaschile.cl/2/img/p/1/4/8/6/1486-thickbox_default.jpg";
"597";"1";"Prensa Inclinada 45° T8";"55";"1008394.957980";"53";"0";"T8-609";"1";"https://pesaschile.cl/2/img/p/1/5/0/3/1503-thickbox_default.jpg";
"598";"1";"SANDBAG 5KG";"2";"22680.672269";"53";"0";"SB05";"1";"https://pesaschile.cl/2/img/p/1/6/4/3/1643-thickbox_default.jpg";
"599";"1";"Atril de Sentadillas JR";"13";"58815.126050";"53";"0";"RA033J";"1";"https://pesaschile.cl/2/img/p/1/5/0/9/1509-thickbox_default.jpg";
"600";"1";"Jaula de Potencia JR";"2";"168058.823529";"53";"0";"PK001J";"1";"https://pesaschile.cl/2/img/p/1/5/1/0/1510-thickbox_default.jpg";
"601";"1";"Polea Alta Remo JR";"2";"168058.823529";"53";"0";"PM020J";"1";"https://pesaschile.cl/2/img/p/1/5/1/2/1512-thickbox_default.jpg";
"602";"1";"Elíptica Obelix ";"55";"1092428.571430";"53";"0";"EPO";"1";"https://pesaschile.cl/2/img/p/1/5/3/6/1536-thickbox_default.jpg";
"602";"1";"Elíptica Obelix ";"55";"1092428.571430";"53";"0";"EPO";"1";"https://pesaschile.cl/2/img/p/1/6/8/6/1686-thickbox_default.jpg";
"602";"1";"Elíptica Obelix ";"55";"1092428.571430";"53";"0";"EPO";"1";"https://pesaschile.cl/2/img/p/1/6/8/7/1687-thickbox_default.jpg";
"604";"1";"Bicicleta Magnética Obelix";"55";"504193.277311";"53";"0";"BPO";"1";"https://pesaschile.cl/2/img/p/1/5/3/7/1537-thickbox_default.jpg";
"609";"1";"Pack Power Black";"46";"373941.176471";"53";"0";"PPB";"1";"https://pesaschile.cl/2/img/p/1/5/7/3/1573-thickbox_default.jpg";
"612";"1";"Botella Shaker 0.6 Lts";"33";"1672.268908";"53";"0";"BS";"1";"https://pesaschile.cl/2/img/p/1/5/7/2/1572-thickbox_default.jpg";
"613";"1";"Pack discos Olímpicos engomados";"46";"142848.739496";"53";"0";"PE";"1";"https://pesaschile.cl/2/img/p/1/6/4/5/1645-thickbox_default.jpg";
"614";"1";"Curl Femoral Acostado MO";"55";"756294.117647";"53";"0";"MO-5720";"1";"https://pesaschile.cl/2/img/p/1/7/4/8/1748-thickbox_default.jpg";
"615";"1";"Extensión de Tríceps MO";"55";"756294.117647";"53";"0";"MO-2630";"1";"https://pesaschile.cl/2/img/p/1/7/4/7/1747-thickbox_default.jpg";
"616";"1";"Curl de Bíceps MO";"55";"756294.117647";"53";"0";"MO-2500";"1";"https://pesaschile.cl/2/img/p/1/5/8/4/1584-thickbox_default.jpg";
"617";"1";"Remo Bajo MO";"55";"756294.117647";"53";"0";"MO-3600";"1";"https://pesaschile.cl/2/img/p/1/5/8/5/1585-thickbox_default.jpg";
"618";"1";"Remo Sentado MO";"55";"756294.117647";"53";"0";"MO-3620";"1";"https://pesaschile.cl/2/img/p/1/5/8/6/1586-thickbox_default.jpg";
"619";"1";"Banco Vertical MO";"55";"168058.823529";"53";"0";"MO-550";"1";"https://pesaschile.cl/2/img/p/1/6/1/9/1619-thickbox_default.jpg";
"620";"1";"Press Banco Declinado MO";"55";"336126.050420";"53";"0";"MO-4300";"1";"https://pesaschile.cl/2/img/p/1/6/1/8/1618-thickbox_default.jpg";
"621";"1";"Elevación Rodillas / Fondo MO";"55";"294109.243697";"53";"0";"MO-800";"1";"https://pesaschile.cl/2/img/p/1/5/8/8/1588-thickbox_default.jpg";
"622";"1";"Press Banco Vertical MO";"55";"336126.050420";"53";"0";"MO-4400";"1";"https://pesaschile.cl/2/img/p/1/5/8/9/1589-thickbox_default.jpg";
"623";"1";"Atril de Discos MO";"55";"151252.100840";"53";"0";"MO-100";"1";"https://pesaschile.cl/2/img/p/1/5/9/0/1590-thickbox_default.jpg";
"624";"1";"Contractora de Pectoral MO";"55";"756294.117647";"53";"0";"MO-4700";"1";"https://pesaschile.cl/2/img/p/1/5/7/9/1579-thickbox_default.jpg";
"626";"1";"Press de Pectoral MO";"55";"756294.117647";"53";"0";"MO-4500";"1";"https://pesaschile.cl/2/img/p/1/5/8/0/1580-thickbox_default.jpg";
"627";"1";"Multi Estación MO";"2";"1092428.571430";"53";"0";"MO-6700";"1";"https://pesaschile.cl/2/img/p/1/5/8/1/1581-thickbox_default.jpg";
"628";"1";"Banco Lumbar MO";"55";"201672.268908";"53";"0";"MO-1200";"1";"https://pesaschile.cl/2/img/p/1/7/7/7/1777-thickbox_default.jpg";
"629";"1";"SET Rack + Barras Peso Fijo OBELIX";"31";"1260495.798320";"53";"0";"SRB";"1";"https://pesaschile.cl/2/img/p/1/6/3/9/1639-thickbox_default.jpg";
"630";"1";"Peso Tobillo 5kg";"41";"16798.319328";"53";"0";"PT05";"1";"https://pesaschile.cl/2/img/p/1/6/4/6/1646-thickbox_default.jpg";
"630";"1";"Peso Tobillo 5kg";"41";"16798.319328";"53";"0";"PT05";"1";"https://pesaschile.cl/2/img/p/1/6/5/2/1652-thickbox_default.jpg";
"630";"1";"Peso Tobillo 5kg";"41";"16798.319328";"53";"0";"PT05";"1";"https://pesaschile.cl/2/img/p/1/6/5/3/1653-thickbox_default.jpg";
"697";"1";"Bicicleta Ergométrica Obelix";"138";"1092436.974790";"53";"0";"BPOA ";"1";"https://pesaschile.cl/2/img/p/1/6/7/8/1678-thickbox_default.jpg";
"697";"1";"Bicicleta Ergométrica Obelix";"138";"1092436.974790";"53";"0";"BPOA ";"1";"https://pesaschile.cl/2/img/p/1/6/7/9/1679-thickbox_default.jpg";
"699";"1";"Elíptica PRO Obelix";"138";"1512605.042020";"53";"0";"EPOA";"1";"https://pesaschile.cl/2/img/p/1/6/5/4/1654-thickbox_default.jpg";
"703";"1";"Trotadora Obelix GT7 Touch";"34";"1680663.865550";"53";"0";"TGT7T";"1";"https://pesaschile.cl/2/img/p/1/6/5/5/1655-thickbox_default.jpg";
"703";"1";"Trotadora Obelix GT7 Touch";"34";"1680663.865550";"53";"0";"TGT7T";"1";"https://pesaschile.cl/2/img/p/1/6/5/6/1656-thickbox_default.jpg";
"703";"1";"Trotadora Obelix GT7 Touch";"34";"1680663.865550";"53";"0";"TGT7T";"1";"https://pesaschile.cl/2/img/p/1/6/5/7/1657-thickbox_default.jpg";
"703";"1";"Trotadora Obelix GT7 Touch";"34";"1680663.865550";"53";"0";"TGT7T";"1";"https://pesaschile.cl/2/img/p/1/6/8/0/1680-thickbox_default.jpg";
"703";"1";"Trotadora Obelix GT7 Touch";"34";"1680663.865550";"53";"0";"TGT7T";"1";"https://pesaschile.cl/2/img/p/1/6/8/1/1681-thickbox_default.jpg";
"703";"1";"Trotadora Obelix GT7 Touch";"34";"1680663.865550";"53";"0";"TGT7T";"1";"https://pesaschile.cl/2/img/p/1/6/8/2/1682-thickbox_default.jpg";
"703";"1";"Trotadora Obelix GT7 Touch";"34";"1680663.865550";"53";"0";"TGT7T";"1";"https://pesaschile.cl/2/img/p/1/6/8/3/1683-thickbox_default.jpg";
"703";"1";"Trotadora Obelix GT7 Touch";"34";"1680663.865550";"53";"0";"TGT7T";"1";"https://pesaschile.cl/2/img/p/1/6/8/4/1684-thickbox_default.jpg";
"703";"1";"Trotadora Obelix GT7 Touch";"34";"1680663.865550";"53";"0";"TGT7T";"1";"https://pesaschile.cl/2/img/p/1/6/8/5/1685-thickbox_default.jpg";
"704";"1";"Remo HWM";"33";"462176.470588";"53";"0";"RH";"1";"https://pesaschile.cl/2/img/p/1/6/9/4/1694-thickbox_default.jpg";
"704";"1";"Remo HWM";"33";"462176.470588";"53";"0";"RH";"1";"https://pesaschile.cl/2/img/p/1/6/9/5/1695-thickbox_default.jpg";
"704";"1";"Remo HWM";"33";"462176.470588";"53";"0";"RH";"1";"https://pesaschile.cl/2/img/p/1/6/9/6/1696-thickbox_default.jpg";
"704";"1";"Remo HWM";"33";"462176.470588";"53";"0";"RH";"1";"https://pesaschile.cl/2/img/p/1/6/9/7/1697-thickbox_default.jpg";
"704";"1";"Remo HWM";"33";"462176.470588";"53";"0";"RH";"1";"https://pesaschile.cl/2/img/p/1/6/9/8/1698-thickbox_default.jpg";
"704";"1";"Remo HWM";"33";"462176.470588";"53";"0";"RH";"1";"https://pesaschile.cl/2/img/p/1/6/9/9/1699-thickbox_default.jpg";
"704";"1";"Remo HWM";"33";"462176.470588";"53";"0";"RH";"1";"https://pesaschile.cl/2/img/p/1/7/0/0/1700-thickbox_default.jpg";
"704";"1";"Remo HWM";"33";"462176.470588";"53";"0";"RH";"1";"https://pesaschile.cl/2/img/p/1/7/0/1/1701-thickbox_default.jpg";
"704";"1";"Remo HWM";"33";"462176.470588";"53";"0";"RH";"1";"https://pesaschile.cl/2/img/p/1/7/0/2/1702-thickbox_default.jpg";
"704";"1";"Remo HWM";"33";"462176.470588";"53";"0";"RH";"1";"https://pesaschile.cl/2/img/p/1/7/0/3/1703-thickbox_default.jpg";
"705";"1";"Bicicleta Spinning Magnética Obelix";"33";"336126.050420";"53";"0";"SOM";"1";"https://pesaschile.cl/2/img/p/1/7/0/4/1704-thickbox_default.jpg";
"705";"1";"Bicicleta Spinning Magnética Obelix";"33";"336126.050420";"53";"0";"SOM";"1";"https://pesaschile.cl/2/img/p/1/7/1/1/1711-thickbox_default.jpg";
"705";"1";"Bicicleta Spinning Magnética Obelix";"33";"336126.050420";"53";"0";"SOM";"1";"https://pesaschile.cl/2/img/p/1/7/1/2/1712-thickbox_default.jpg";
"705";"1";"Bicicleta Spinning Magnética Obelix";"33";"336126.050420";"53";"0";"SOM";"1";"https://pesaschile.cl/2/img/p/1/7/1/3/1713-thickbox_default.jpg";
"705";"1";"Bicicleta Spinning Magnética Obelix";"33";"336126.050420";"53";"0";"SOM";"1";"https://pesaschile.cl/2/img/p/1/7/1/4/1714-thickbox_default.jpg";
"705";"1";"Bicicleta Spinning Magnética Obelix";"33";"336126.050420";"53";"0";"SOM";"1";"https://pesaschile.cl/2/img/p/1/7/1/5/1715-thickbox_default.jpg";
"705";"1";"Bicicleta Spinning Magnética Obelix";"33";"336126.050420";"53";"0";"SOM";"1";"https://pesaschile.cl/2/img/p/1/7/1/6/1716-thickbox_default.jpg";
"705";"1";"Bicicleta Spinning Magnética Obelix";"33";"336126.050420";"53";"0";"SOM";"1";"https://pesaschile.cl/2/img/p/1/7/1/7/1717-thickbox_default.jpg";
"705";"1";"Bicicleta Spinning Magnética Obelix";"33";"336126.050420";"53";"0";"SOM";"1";"https://pesaschile.cl/2/img/p/1/7/1/8/1718-thickbox_default.jpg";
"705";"1";"Bicicleta Spinning Magnética Obelix";"33";"336126.050420";"53";"0";"SOM";"1";"https://pesaschile.cl/2/img/p/1/7/1/9/1719-thickbox_default.jpg";
"706";"1";"Elíptica Light Obelix";"13";"588226.890756";"53";"0";"EOL";"1";"https://pesaschile.cl/2/img/p/1/7/0/5/1705-thickbox_default.jpg";
"706";"1";"Elíptica Light Obelix";"13";"588226.890756";"53";"0";"EOL";"1";"https://pesaschile.cl/2/img/p/1/7/0/6/1706-thickbox_default.jpg";
"706";"1";"Elíptica Light Obelix";"13";"588226.890756";"53";"0";"EOL";"1";"https://pesaschile.cl/2/img/p/1/7/0/7/1707-thickbox_default.jpg";
"706";"1";"Elíptica Light Obelix";"13";"588226.890756";"53";"0";"EOL";"1";"https://pesaschile.cl/2/img/p/1/7/0/8/1708-thickbox_default.jpg";
"707";"1";"Elíptica Stepper Light Obelix";"13";"588226.890756";"53";"0";"SOL";"1";"https://pesaschile.cl/2/img/p/1/7/0/9/1709-thickbox_default.jpg";
"707";"1";"Elíptica Stepper Light Obelix";"13";"588226.890756";"53";"0";"SOL";"1";"https://pesaschile.cl/2/img/p/1/7/1/0/1710-thickbox_default.jpg";
"708";"1";"Curl de Biceps T8";"136";"756294.117647";"53";"0";"T8-613";"1";"https://pesaschile.cl/2/img/p/1/7/2/1/1721-thickbox_default.jpg";
"710";"1";"Banco Vertical V8";"55";"252092.436975";"53";"0";"V8-402";"1";"https://pesaschile.cl/2/img/p/1/7/2/2/1722-thickbox_default.jpg";
"715";"1";"Press Banco Declinado V8";"137";"504193.277311";"53";"0";"V8-106";"1";"https://pesaschile.cl/2/img/p/1/7/2/0/1720-thickbox_default.jpg";
"716";"1";"Atril de Discos V8";"137";"294109.243697";"53";"0";"V8-203";"1";"https://pesaschile.cl/2/img/p/1/7/2/3/1723-thickbox_default.jpg";
"717";"1";"Set 3 Cajones Pliométricos ";"8";"117638.655462";"53";"0";"CP3";"1";"https://pesaschile.cl/2/img/p/1/7/3/1/1731-thickbox_default.jpg";
"718";"1";"Par Discos Olímpicos Grip 1,25kg";"18";"3352.941176";"53";"0";"DOG0125";"1";"https://pesaschile.cl/2/img/p/1/7/5/1/1751-thickbox_default.jpg";
"718";"1";"Par Discos Olímpicos Grip 1,25kg";"18";"3352.941176";"53";"0";"DOG0125";"1";"https://pesaschile.cl/2/img/p/1/7/5/2/1752-thickbox_default.jpg";
"718";"1";"Par Discos Olímpicos Grip 1,25kg";"18";"3352.941176";"53";"0";"DOG0125";"1";"https://pesaschile.cl/2/img/p/1/7/5/3/1753-thickbox_default.jpg";
"719";"1";"Par Discos Olímpicos Grip 2,5kg";"18";"6705.882353";"53";"0";"DOG025";"1";"https://pesaschile.cl/2/img/p/1/7/5/4/1754-thickbox_default.jpg";
"719";"1";"Par Discos Olímpicos Grip 2,5kg";"18";"6705.882353";"53";"0";"DOG025";"1";"https://pesaschile.cl/2/img/p/1/7/5/5/1755-thickbox_default.jpg";
"719";"1";"Par Discos Olímpicos Grip 2,5kg";"18";"6705.882353";"53";"0";"DOG025";"1";"https://pesaschile.cl/2/img/p/1/7/5/6/1756-thickbox_default.jpg";
"720";"1";"Par Discos Olímpicos Grip 5kg";"18";"13428.571429";"53";"0";"DOG05";"1";"https://pesaschile.cl/2/img/p/1/7/5/7/1757-thickbox_default.jpg";
"720";"1";"Par Discos Olímpicos Grip 5kg";"18";"13428.571429";"53";"0";"DOG05";"1";"https://pesaschile.cl/2/img/p/1/7/5/8/1758-thickbox_default.jpg";
"720";"1";"Par Discos Olímpicos Grip 5kg";"18";"13428.571429";"53";"0";"DOG05";"1";"https://pesaschile.cl/2/img/p/1/7/5/9/1759-thickbox_default.jpg";
"721";"1";"Par Discos Olímpicos Grip 10kg";"18";"26873.949580";"53";"0";"DOG10";"1";"https://pesaschile.cl/2/img/p/1/7/6/0/1760-thickbox_default.jpg";
"721";"1";"Par Discos Olímpicos Grip 10kg";"18";"26873.949580";"53";"0";"DOG10";"1";"https://pesaschile.cl/2/img/p/1/7/6/1/1761-thickbox_default.jpg";
"721";"1";"Par Discos Olímpicos Grip 10kg";"18";"26873.949580";"53";"0";"DOG10";"1";"https://pesaschile.cl/2/img/p/1/7/6/2/1762-thickbox_default.jpg";
"722";"1";"Par Discos Olímpicos Grip 15kg";"18";"40319.327731";"53";"0";"DOG15";"1";"https://pesaschile.cl/2/img/p/1/7/6/3/1763-thickbox_default.jpg";
"722";"1";"Par Discos Olímpicos Grip 15kg";"18";"40319.327731";"53";"0";"DOG15";"1";"https://pesaschile.cl/2/img/p/1/7/6/4/1764-thickbox_default.jpg";
"722";"1";"Par Discos Olímpicos Grip 15kg";"18";"40319.327731";"53";"0";"DOG15";"1";"https://pesaschile.cl/2/img/p/1/7/6/5/1765-thickbox_default.jpg";
"723";"1";"Par Discos Olímpicos Grip 20kg";"18";"53764.705882";"53";"0";"DOG20";"1";"https://pesaschile.cl/2/img/p/1/7/6/6/1766-thickbox_default.jpg";
"723";"1";"Par Discos Olímpicos Grip 20kg";"18";"53764.705882";"53";"0";"DOG20";"1";"https://pesaschile.cl/2/img/p/1/7/6/7/1767-thickbox_default.jpg";
"723";"1";"Par Discos Olímpicos Grip 20kg";"18";"53764.705882";"53";"0";"DOG20";"1";"https://pesaschile.cl/2/img/p/1/7/6/8/1768-thickbox_default.jpg";
"724";"1";"Pack Olímpico Engomado Grip con Barra";"43";"168058.823529";"53";"0";"PEBG";"1";"https://pesaschile.cl/2/img/p/1/7/7/3/1773-thickbox_default.jpg";
"725";"1";"Power Pro Pack Grip";"43";"369739.495798";"53";"0";"PPPEG";"1";"https://pesaschile.cl/2/img/p/1/7/7/5/1775-thickbox_default.jpg";
"726";"1";"Pack Press Banco con Barra y Discos GRIP";"43";"336126.050420";"53";"0";"PPBDG";"1";"https://pesaschile.cl/2/img/p/1/7/7/6/1776-thickbox_default.jpg";
"727";"1";"Kettlebell Vinilo Red 4kg";"15";"4361.344538";"53";"0";"KVR04";"1";"https://pesaschile.cl/2/img/p/1/7/7/8/1778-thickbox_default.jpg";
"728";"1";"Kettlebell Vinilo Red 8kg";"15";"8731.092437";"53";"0";"KVR08";"1";"https://pesaschile.cl/2/img/p/1/7/8/3/1783-thickbox_default.jpg";
"729";"1";"Kettlebell Vinilo Red 6kg";"15";"6546.218487";"53";"0";"KVR06";"1";"https://pesaschile.cl/2/img/p/1/7/7/9/1779-thickbox_default.jpg";
"730";"1";"Kettlebell Vinilo Red 20kg";"15";"21840.336135";"53";"0";"KVR20";"1";"https://pesaschile.cl/2/img/p/1/7/8/2/1782-thickbox_default.jpg";
"731";"1";"Kettlebell Vinilo Red 12kg";"15";"13100.840336";"53";"0";"KVR12";"1";"https://pesaschile.cl/2/img/p/1/7/8/0/1780-thickbox_default.jpg";
"732";"1";"Kettlebell Vinilo Red 16kg";"15";"17470.588235";"53";"0";"KVR16";"1";"https://pesaschile.cl/2/img/p/1/7/8/1/1781-thickbox_default.jpg";
"733";"1";"Barra Fat Bar HWM";"31";"42008.403361";"53";"0";"BOF";"1";"https://pesaschile.cl/2/img/p/1/7/8/6/1786-thickbox_default.jpg";
"734";"1";"PACK PRESS BANCO PREOLIMPICO BÁSICO";"38";"84025.210084";"53";"0";"PBPB";"1";"https://pesaschile.cl/2/img/p/1/7/9/1/1791-thickbox_default.jpg";